"replicate","arm_gaussian","family_gaussian","shape_gaussian","sd_gaussian","tail_probability_gaussian","V_gaussian","CL_gaussian","residual_gaussian","log_likelihood_gaussian","likelihood_mcse_gaussian","runtime_seconds_gaussian","selection_seconds_gaussian","selected_families_gaussian","retained_standard_gaussian","arm_flexible","family_flexible","shape_flexible","sd_flexible","tail_probability_flexible","V_flexible","CL_flexible","residual_flexible","log_likelihood_flexible","likelihood_mcse_flexible","runtime_seconds_flexible","selection_seconds_flexible","selected_families_flexible","retained_standard_flexible","likelihood_gain","likelihood_difference_mcse","runtime_ratio"
1,"Lognormal fit","lognormal",NA,3.58322530145674,0.12639,20.3350946532584,3.6748714452279,0.121305826515132,27.3308604099914,0.539231677473055,23.77,0,"lognormal/lognormal",NA,"Free-margin fit","gamma",2.46168615018562,2.86308380251281,0.11494,20.4689739371027,3.61943839365803,0.121451616772549,30.7025237984124,0.553087772329117,49.07,63.33,"lognormal/gamma",NA,3.37166338842096,0.772448629936251,2.06436684896929
2,"Lognormal fit","lognormal",NA,3.31563621500451,0.11648,20.4226271220569,3.66045889580975,0.123496281495238,-47.4829255129988,0.505116922571783,24.04,0,"lognormal/lognormal",NA,"Free-margin fit","gamma",3.00552920578906,2.50586916292964,0.08606,20.4676711623873,3.65080124799381,0.123386380250808,-38.8847124832701,0.541708682199316,48.63,62.92,"lognormal/gamma",NA,8.59821302972868,0.740669563191649,2.02287853577371
3,"Lognormal fit","lognormal",NA,3.45415502815414,0.11052,19.81980500375,3.4521364221723,0.117976900274135,-61.2744824976747,0.504936861986117,24.03,0,"lognormal/lognormal",NA,"Free-margin fit","gamma",2.60956919196264,2.57325446345096,0.08265,20.1058495254263,3.38840170263113,0.11827417368031,-55.814180295122,0.526431137301806,48.47,61.44,"lognormal/gamma",NA,5.46030220255267,0.729445664126712,2.01706200582605
4,"Lognormal fit","lognormal",NA,2.93218525250188,0.08582,20.0279140996401,3.27724414991305,0.117945476657975,-165.3936442512,0.491893653911968,24.09,0,"lognormal/lognormal",NA,"Free-margin fit","gamma",2.6830147342933,2.47886638482777,0.07378,20.1302216571539,3.33884044278284,0.117973735713741,-163.134712160177,0.513849122354276,48.31,59.68,"lognormal/gamma",NA,2.25893209102279,0.711336971697048,2.00539643005396
5,"Lognormal fit","lognormal",NA,3.26582886491545,0.10089,19.9863050913573,3.33664905141651,0.119424634559231,-123.420319032676,0.503856015666866,24.16,0,"lognormal/lognormal",NA,"Free-margin fit","gamma",2.13596477939317,3.0468706517365,0.12055,20.2014619123331,3.44436893006913,0.119286855930651,-121.945994009257,0.513400741467326,51.21,59.41,"lognormal/gamma",NA,1.47432502341819,0.719340813427745,2.11961920529801
6,"Lognormal fit","lognormal",NA,3.62067083628895,0.13022,19.6641237877713,3.70011384658079,0.121154260951684,40.0916801355785,0.508228909198621,22.23,0,"lognormal/lognormal",NA,"Free-margin fit","weibull",1.73674669012551,2.79879290366068,0.1286,19.917474498385,3.78595083553598,0.121236244075311,49.6751609326322,0.54827156182784,39.77,58.8,"lognormal/weibull",NA,9.5834807970537,0.747595030517431,1.78902384165542
7,"Lognormal fit","lognormal",NA,3.54626962232657,0.12655,19.8561446179078,3.65819608427827,0.122697498564802,19.395107491682,0.522253075129558,22.51,0,"lognormal/lognormal",NA,"Free-margin fit","gamma",2.58105174616402,2.84442885563789,0.11784,20.0207703083847,3.7242585783502,0.122721837348492,25.9642090999395,0.553784105534846,51.49,60.28,"lognormal/gamma",NA,6.56910160825745,0.761199783253588,2.28742780986228
8,"Lognormal fit","lognormal",NA,3.58601206303677,0.1316,19.9908131264397,3.77863317744943,0.118307262678084,118.243856236213,0.57640429980408,22.2,0,"lognormal/lognormal",NA,"Free-margin fit","weibull",1.78357626133975,2.80109170564584,0.13685,20.1068026747272,3.93843736390352,0.11806755185794,128.176933999406,0.571653547096867,40.1,58.73,"lognormal/weibull",NA,9.93307776319368,0.811806439208917,1.8063063063063
9,"Lognormal fit","lognormal",NA,3.52306562655833,0.12081,19.6256681415308,3.61008320186,0.118760851665261,58.3246139087128,0.541457357857488,22.18,0,"lognormal/lognormal",NA,"Free-margin fit","weibull",1.74057869330507,2.6658835334638,0.10664,19.7328153129614,3.61470335548257,0.118692153021321,68.9261965998711,0.558816841409868,39.77,58.58,"lognormal/weibull",NA,10.6015826911583,0.77810817539807,1.79305680793508
10,"Lognormal fit","lognormal",NA,3.15346680978068,0.09658,20.1162056205479,3.35213060516149,0.123786696000078,-176.339286569833,0.471805370680717,22.25,0,"lognormal/lognormal",NA,"Free-margin fit","gamma",2.69978374644992,2.4468024457361,0.07135,20.3032671161576,3.30025881886058,0.123546109257619,-168.587126155995,0.523615304940289,51.42,57.25,"lognormal/gamma",NA,7.75216041383777,0.704821463472049,2.31101123595506
11,"Lognormal fit","lognormal",NA,2.92276038065821,0.08786,19.7737434845222,3.39652607010236,0.121490781682936,-129.560644082713,0.491470428870766,31.72,0,"lognormal/lognormal",FALSE,"Free-margin fit","lognormal",NA,2.98471818701371,0.09266,19.8863492203619,3.43027598173099,0.121398918488297,-128.529298546501,0.519884320937891,53.78,81.02,"lognormal/lognormal",FALSE,1.03134553621246,0.715417982449048,1.69546027742749
12,"Lognormal fit","lognormal",NA,3.42698816232343,0.1305,20.0122251870423,3.88495055622132,0.121595267864619,115.415760223596,0.521638199791505,34.58,0,"lognormal/lognormal",FALSE,"Free-margin fit","gamma",2.57992622140466,3.13440978969689,0.15689,20.0707543648598,4.09312458873373,0.121554041730878,116.336836350668,0.654588823869409,75.34,87.39,"lognormal/gamma",FALSE,0.921076127072567,0.837014300843455,2.17871602082128
13,"Lognormal fit","lognormal",NA,3.57929127563762,0.12601,20.7445381206644,3.66723588679771,0.134240315000892,-87.6266648435613,0.512893825096117,36.86,0,"lognormal/lognormal",FALSE,"Free-margin fit","gamma",2.31072095159985,3.05868166551342,0.13084,20.7899574763135,3.66945990182059,0.134439578918294,-79.7761537190934,0.611265675520202,91.12,97.44,"lognormal/gamma",FALSE,7.85051112446789,0.797938469990572,2.47205642973413
14,"Lognormal fit","lognormal",NA,3.04337265517525,0.09649,19.8401105656548,3.46842987468623,0.122069199171743,-115.731369290929,0.482211694862376,36.48,0,"lognormal/lognormal",FALSE,"Free-margin fit","gamma",2.57990109891589,2.7376177971676,0.10289,19.5636233840249,3.58018325124415,0.121840399819281,-116.566974818442,0.510620032952131,79.39,78.13,"lognormal/gamma",FALSE,-0.835605527513025,0.702325378093431,2.17626096491228
15,"Lognormal fit","lognormal",NA,3.06602469138592,0.10894,19.7577098899693,3.68578357786572,0.116671215810531,44.6630743090635,0.539912547668637,39.7,0,"lognormal/lognormal",FALSE,"Free-margin fit","gamma",3.00587445385974,2.56354509634442,0.09412,20.0713388197222,3.73414340223884,0.116621696149456,45.1919192975973,0.555306395623908,81.71,97.73,"lognormal/gamma",FALSE,0.528844988533834,0.774513235620189,2.05818639798489
16,"Lognormal fit","lognormal",NA,3.28803394709014,0.10294,19.7130088859939,3.33729097975116,0.119826998597844,-142.897252911575,0.490274917002599,34.5899999999999,0,"lognormal/lognormal",FALSE,"Free-margin fit","lognormal",NA,3.28618956575302,0.10238,19.7130088859939,3.33729097975116,0.119826998597844,-142.897252911575,0.490274917002599,0,384.45,"lognormal/lognormal",TRUE,0,0.693353436916419,0
17,"Lognormal fit","lognormal",NA,3.49988967054157,0.12454,19.9058252184525,3.64300872216338,0.117766284115618,31.4969336018391,0.523276942018002,33.76,0,"lognormal/lognormal",FALSE,"Free-margin fit","gamma",2.61169425680081,2.83990462250415,0.11752,20.1710163754304,3.74766057414277,0.117745179576782,41.2657799449219,0.6016263845034,94.25,80.9200000000001,"lognormal/gamma",FALSE,9.76884634308281,0.797353788840527,2.7917654028436
18,"Lognormal fit","lognormal",NA,3.40832045147156,0.10832,20.003986255879,3.38341936440226,0.122211752913871,-114.311390714967,0.513785315150739,44,0,"lognormal/lognormal",FALSE,"Free-margin fit","gamma",2.29102189781416,2.85230452199159,0.105,20.0469486783495,3.42485091344715,0.122333440205998,-108.525107022003,0.516960169907449,89.75,110.23,"lognormal/gamma",FALSE,5.78628369296447,0.72885057956709,2.03977272727273
19,"Lognormal fit","lognormal",NA,3.4043989531521,0.11341,19.6583028953671,3.51849823698808,0.121439193441737,-56.0026006303531,0.513771892557469,35.47,0,"lognormal/lognormal",FALSE,"Free-margin fit","gamma",2.49887323094964,2.78335581512681,0.10404,19.602059838535,3.53442537295483,0.121365918126063,-50.1644808505217,0.550938070643185,91.3000000000002,82.1399999999999,"lognormal/gamma",FALSE,5.83811977983139,0.753322185566123,2.57400620242459
20,"Lognormal fit","lognormal",NA,3.12164222083013,0.09539,20.0744009234832,3.34829314332036,0.122858567144285,-166.124135542462,0.483149646056809,40.3400000000001,0,"lognormal/lognormal",FALSE,"Free-margin fit","gamma",2.59643925805931,2.55214804022733,0.07994,20.156395113159,3.34474296344906,0.12309367298034,-163.850372689525,0.503420432163618,89.4000000000001,101.12,"lognormal/gamma",FALSE,2.27376285293656,0.697757631276523,2.21616261774913
21,"Lognormal fit","lognormal",NA,3.09844941033403,0.10794,20.2480758597497,3.66129532767876,0.12070612062296,-46.2510990465227,0.501718929976254,32.72,0,"lognormal/lognormal",FALSE,"Free-margin fit","lognormal",NA,3.12780935679035,0.10748,20.2480758597497,3.66129532767876,0.12070612062296,-46.2510990465227,0.501718929976254,0,300.09,"lognormal/lognormal",TRUE,0,0.709537715271736,0
22,"Lognormal fit","lognormal",NA,2.95755422035239,0.09179,19.9374047878874,3.42973037686848,0.121349101130268,-172.456029532936,0.461226582031245,35.82,0,"lognormal/lognormal",FALSE,"Free-margin fit","weibull",1.88429815950662,2.25697045246033,0.05937,19.9122547306695,3.39761498388124,0.121442260080086,-162.551139045172,0.483072376775282,60.66,331.59,"lognormal/weibull",FALSE,9.90489048776365,0.667898855498005,1.69346733668342
23,"Lognormal fit","lognormal",NA,3.49752971289664,0.1206,19.4253357489378,3.58028268116465,0.117114953088716,52.6964048331662,0.519308879288994,38.3499999999999,0,"lognormal/lognormal",FALSE,"Free-margin fit","gamma",2.49721993780572,2.78249723185369,0.10599,19.6246145990101,3.55382109018223,0.116908108022771,58.8322856937443,0.545607691300313,91.1400000000001,96.09,"lognormal/gamma",FALSE,6.13588086057818,0.753239314503995,2.37653194263365
24,"Lognormal fit","lognormal",NA,3.13809587849216,0.09741,19.5206265165007,3.42685031860312,0.122894179473248,-104.236698937727,0.505319555976956,35.1399999999999,0,"lognormal/lognormal",FALSE,"Free-margin fit","gamma",2.49085710213983,2.70922394540255,0.09503,19.7648127527994,3.4470999380213,0.122904232873663,-102.888998898272,0.665630370145789,84.53,77.71,"lognormal/gamma",FALSE,1.34770003945526,0.835710262778415,2.40552077404668
25,"Lognormal fit","lognormal",NA,3.38800915876954,0.12986,20.4164426969663,3.90272884703942,0.122032745345483,92.4453004135741,0.534902361707012,38.9400000000001,0,"lognormal/lognormal",FALSE,"Free-margin fit","gamma",2.69514542540125,3.00549291151003,0.14399,20.6292932124749,4.04937483451725,0.122205009748111,94.5214722151088,0.56914520690186,88.5599999999999,107.09,"lognormal/gamma",FALSE,2.07617180153471,0.781054929629856,2.27426810477657
26,"Lognormal fit","lognormal",NA,3.27812400537297,0.11698,19.9596245800949,3.71186400014723,0.119150060847748,44.7369370526989,0.53912167917242,37.5,0,"lognormal/lognormal",FALSE,"Free-margin fit","gamma",2.58208939958562,2.95258212324383,0.13183,20.1592658325653,3.85564138979585,0.119352911125877,46.0444729267815,0.550982856270985,94.6199999999999,84.25,"lognormal/gamma",FALSE,1.30753587408265,0.770865937020324,2.5232
27,"Lognormal fit","lognormal",NA,3.39836763448202,0.11972,19.9738356062142,3.68701597610416,0.11856227024687,44.0293509759942,0.525253386999624,43.9299999999998,0,"lognormal/lognormal",FALSE,"Free-margin fit","gamma",2.63612991008628,2.81176274655525,0.11533,20.0541126080765,3.73077453113354,0.118477604366132,46.4985322115498,0.551122489511401,87.6699999999998,106.5,"lognormal/gamma",FALSE,2.46918123555563,0.761332462856945,1.99567493740041
28,"Lognormal fit","lognormal",NA,2.99789536537757,0.0862,20.0231655334183,3.17824146330219,0.122581415514935,-287.966828241228,0.456444933153517,34.4199999999998,0,"lognormal/lognormal",FALSE,"Free-margin fit","gamma",2.48880121905672,2.47868325482307,0.06981,20.2820019254902,3.16113558075743,0.12265379370999,-282.077787511239,0.499452094710503,89.1400000000003,82.1399999999999,"lognormal/gamma",FALSE,5.88904072998912,0.676605033909907,2.58977338756539
29,"Lognormal fit","lognormal",NA,3.4766738185873,0.11276,20.2191231473912,3.44381479771205,0.124415403278978,-66.6664866216681,0.541502083237777,40.2399999999998,0,"lognormal/lognormal",FALSE,"Free-margin fit","gamma",2.09269311748225,3.19926455149715,0.13617,20.4562524330445,3.55862751773306,0.124232223969324,-66.6763523067523,0.564730956629283,91.6100000000001,103.41,"lognormal/gamma",FALSE,-0.00986568508415075,0.782397315643578,2.27659045725648
30,"Lognormal fit","lognormal",NA,3.37947948247614,0.10862,20.0740552073715,3.3738185952575,0.121252062415267,-142.215876340764,0.496503119785141,44.5699999999997,0,"lognormal/lognormal",FALSE,"Free-margin fit","gamma",2.35912390544541,2.8575523752548,0.10941,20.2271375807706,3.49280203301391,0.121144916161971,-135.401477906536,0.57101718126852,80.4200000000001,95.6900000000001,"lognormal/gamma",FALSE,6.81439843422731,0.756687497755992,1.80435270361231
31,"Lognormal fit","lognormal",NA,3.46093689423255,0.11937,20.4554193126043,3.56651111507489,0.116582161893322,6.86223818020576,0.531113315993111,32.61,0,"lognormal/lognormal",FALSE,"Free-margin fit","gamma",2.42416192533913,2.83518374485461,0.10843,20.4786037165147,3.54129931220181,0.116805243041115,10.3291778419822,0.520838711632621,70.56,83.41,"lognormal/gamma",FALSE,3.4669396617764,0.743877891834626,2.16375344986201
32,"Lognormal fit","lognormal",NA,3.27476791575666,0.09996,19.684510420702,3.31277152980442,0.121085278436985,-124.845445138782,0.521196710627188,34.27,0,"lognormal/lognormal",FALSE,"Free-margin fit","lognormal",NA,3.25162048448022,0.09768,19.684510420702,3.31277152980442,0.121085278436985,-124.845445138782,0.521196710627188,0,362.85,"lognormal/lognormal",TRUE,0,0.737083456833215,0
33,"Lognormal fit","lognormal",NA,2.73382390609811,0.07542,19.8873727032268,3.25198228722279,0.118388127280012,-230.64916726908,0.452775777616599,41.0600000000001,0,"lognormal/lognormal",FALSE,"Free-margin fit","gamma",2.91766084234194,2.25120447961956,0.05418,19.8918047920562,3.20923894171964,0.11839114023443,-228.967989121843,0.47984120418892,79.37,85.9399999999999,"lognormal/gamma",FALSE,1.68117814723752,0.659737437192849,1.93302484169508
34,"Lognormal fit","lognormal",NA,3.72136378241439,0.13825,20.0425772714606,3.77159077429728,0.129283731569765,7.8535665674923,0.537710507033153,41.33,0,"lognormal/lognormal",FALSE,"Free-margin fit","gamma",2.51117873891461,2.92806156143693,0.12552,20.4486435595926,3.77949545871874,0.129310525175992,13.6913738335495,0.569235954571156,87.09,108.57,"lognormal/gamma",FALSE,5.83780726605724,0.783046717220873,2.10718606339221
35,"Lognormal fit","lognormal",NA,3.63591441171435,0.13854,20.3177364583535,3.85655298058617,0.118110990535191,127.29176700271,0.52364280810228,35.9199999999998,0,"lognormal/lognormal",FALSE,"Free-margin fit","gamma",2.76654553599256,2.78645240894509,0.11716,20.4582989902516,3.82156172402025,0.118216843195311,132.642607773344,0.545512375580452,102.58,104.78,"lognormal/gamma",FALSE,5.35084077063442,0.75616502325132,2.85579064587975
36,"Lognormal fit","lognormal",NA,2.79477388261044,0.07603,19.5375217330362,3.15745291434512,0.120213311943598,-172.121112082475,0.509320472931176,45.4300000000001,0,"lognormal/lognormal",FALSE,"Free-margin fit","lognormal",NA,2.80289145388888,0.07524,19.5375217330362,3.15745291434512,0.120213311943598,-172.121112082475,0.509320472931176,0,436.92,"lognormal/lognormal",TRUE,0,0.720287920413548,0
37,"Lognormal fit","lognormal",NA,3.31480696276625,0.11399,19.86821649537,3.63306461599798,0.123075729217538,-51.4380929933929,0.521059105917058,43.6600000000001,0,"lognormal/lognormal",FALSE,"Free-margin fit","gamma",2.78815654740335,2.5702786283804,0.08993,19.9099092766898,3.5584085070703,0.122840960959264,-43.6487926937937,0.524808496198914,88.6199999999999,115.28,"lognormal/gamma",FALSE,7.7893002995992,0.739544825917705,2.02977553825011
38,"Lognormal fit","lognormal",NA,3.30843361037615,0.10443,19.5066487315608,3.3555305326248,0.119692186648466,-97.3188025481295,0.519724363629825,48.3700000000003,0,"lognormal/lognormal",FALSE,"Free-margin fit","gamma",2.19017487061514,3.00488695030375,0.11933,19.5578904561353,3.47867450816833,0.119789811093565,-96.4506666692302,0.534271267866093,101.74,123.54,"lognormal/gamma",FALSE,0.86813587889938,0.745358438482901,2.10336985734958
39,"Lognormal fit","lognormal",NA,3.57497112654427,0.13247,20.1557401693832,3.75679172032333,0.121075633529126,93.2475421580324,0.556003329732894,41.7999999999997,0,"lognormal/lognormal",FALSE,"Free-margin fit","gamma",2.51915274430227,3.05476357213575,0.14012,20.1148130086708,3.88393942362361,0.120800582191782,97.0016184533513,0.567062427292172,96.6799999999998,112.33,"lognormal/gamma",FALSE,3.75407629531887,0.794165914101427,2.31291866028709
40,"Lognormal fit","lognormal",NA,3.15045120288537,0.11022,20.0341926621071,3.72855390871708,0.119715801046748,23.6240388905341,0.506838320457993,38.7800000000002,0,"lognormal/lognormal",FALSE,"Free-margin fit","gamma",2.86600310643112,2.68834628718219,0.10642,20.0922390658705,3.76257674084138,0.11943494117498,26.4900051747049,0.541801177657595,97.1900000000001,103.17,"lognormal/gamma",FALSE,2.86596628417079,0.741912123634488,2.50618875709127
41,"Lognormal fit","lognormal",NA,3.18439025110099,0.10356,20.1462658423697,3.49199274669961,0.123287601872008,-124.136470117267,0.470196011710357,32.98,0,"lognormal/lognormal",FALSE,"Free-margin fit","gamma",2.40821836365097,2.87345221215987,0.11383,20.3151512193747,3.59091732805071,0.123359573296681,-117.942172326672,0.496338390274267,68.67,79.64,"lognormal/gamma",FALSE,6.19429779059496,0.683692977211538,2.08217101273499
42,"Lognormal fit","lognormal",NA,3.1511169511377,0.08848,19.8126132044812,3.19046896018299,0.125607391755011,-222.359201047358,0.493387903564931,33.81,0,"lognormal/lognormal",FALSE,"Free-margin fit","gamma",2.4534814116471,2.56842243411421,0.07856,19.8815615376233,3.22305162015395,0.125708262250768,-216.067936061499,0.534309285934731,77.42,85.2,"lognormal/gamma",FALSE,6.29126498585958,0.727267513656619,2.28985507246377
43,"Lognormal fit","lognormal",NA,3.15721843450755,0.09694,19.5234462765967,3.36902259915015,0.118898454304639,-109.833690843439,0.547345822646102,35.08,0,"lognormal/lognormal",FALSE,"Free-margin fit","gamma",2.55996524083911,2.61649777763389,0.08707,19.4666692979543,3.40588669282608,0.119008717268605,-107.630005916267,0.546725625135781,93.83,111.66,"lognormal/gamma",FALSE,2.20368492717164,0.773625464128637,2.67474344355758
44,"Lognormal fit","lognormal",NA,3.1814428591295,0.09548,19.6437156742841,3.34714235464719,0.116236779186543,-85.4921751169344,0.495616197984791,34.24,0,"lognormal/lognormal",FALSE,"Free-margin fit","weibull",1.71563475896467,2.55990164003561,0.08901,19.8528567581409,3.42163987620191,0.116420869291546,-75.6078556639575,0.513207774069621,70.5599999999999,85.9699999999999,"lognormal/weibull",FALSE,9.88431945297683,0.713454718304109,2.0607476635514
45,"Lognormal fit","lognormal",NA,3.07105062897178,0.0879,19.6573924286898,3.18254004004222,0.11984014292219,-163.316984852271,0.51755112012375,41.7299999999999,0,"lognormal/lognormal",FALSE,"Free-margin fit","gamma",2.1959982440785,2.69035121472212,0.08388,19.6954951380514,3.13970629574531,0.120030973212532,-156.321219715328,0.51372863417272,84.5599999999999,102.9,"lognormal/gamma",FALSE,6.99576513694285,0.729229916768585,2.02635993290199
46,"Lognormal fit","lognormal",NA,3.47721158614736,0.11389,20.2625946607962,3.44924566653193,0.119516939270593,-56.319119388498,0.509157046543583,37.8600000000001,0,"lognormal/lognormal",FALSE,"Free-margin fit","lognormal",NA,3.46608408296256,0.11594,20.2625946607962,3.44924566653193,0.119516939270593,-56.319119388498,0.509157046543583,0,390.2,"lognormal/lognormal",TRUE,0,0.720056800599764,0
47,"Lognormal fit","lognormal",NA,3.15196293021807,0.09758,20.2875156847036,3.36217833952664,0.117666528313507,-107.676016601554,0.482168093149248,36.3099999999999,0,"lognormal/lognormal",FALSE,"Free-margin fit","gamma",2.76530971886483,2.49607277214544,0.07841,20.6063876572996,3.42475177614791,0.117898139103194,-101.925899774962,0.507763170324715,101.06,112.83,"lognormal/gamma",FALSE,5.75011682659235,0.700221041664265,2.78325530156982
48,"Lognormal fit","lognormal",NA,3.54721803149614,0.12288,19.8126545876235,3.61521963740861,0.117157565217562,84.5951180292784,0.537660840454416,41.8299999999999,0,"lognormal/lognormal",FALSE,"Free-margin fit","gamma",2.14421252949429,3.27669549633053,0.14997,20.4017551527399,3.73104651198583,0.117213413213252,93.355920527493,0.621294271795771,90.8599999999999,108.95,"lognormal/gamma",FALSE,8.76080249821469,0.821636021316244,2.17212526894573
49,"Lognormal fit","lognormal",NA,3.23658643453383,0.10389,19.6787650154157,3.44076198215931,0.119825033156998,-87.5249937680457,0.507930209305553,48.77,0,"lognormal/lognormal",FALSE,"Free-margin fit","gamma",2.55613185605668,2.79704293833016,0.1098,19.9813358411615,3.63577011530277,0.119797109788202,-86.5960710735596,0.548265246501769,99.6900000000001,118.17,"lognormal/gamma",FALSE,0.92892269448609,0.747387368134375,2.04408447816281
50,"Lognormal fit","lognormal",NA,3.35897012129547,0.12351,19.7193527406491,3.81254291582333,0.119023907114572,95.2662422790591,0.536760541448215,41.0799999999999,0,"lognormal/lognormal",FALSE,"Free-margin fit","lognormal",NA,3.36420635207988,0.12341,19.7193527406491,3.81254291582333,0.119023907114572,95.2662422790591,0.536760541448215,0,430.07,"lognormal/lognormal",TRUE,0,0.759094037462791,0
51,"Lognormal fit","lognormal",NA,3.17211346943352,0.10565,19.8589191603483,3.56029138016402,0.1188413511991,-49.6279309358378,0.533539320862876,32.57,0,"lognormal/lognormal",FALSE,"Free-margin fit","lognormal",NA,3.49330289120669,0.1252,19.8566982427924,3.7120173630936,0.118726633403063,-50.9581382284905,0.581252711081626,54.51,81.97,"lognormal/lognormal",FALSE,-1.33020729265274,0.788998682537911,1.67362603622966
52,"Lognormal fit","lognormal",NA,2.93566370164652,0.0872,19.8597176247468,3.33321301554972,0.117048763654226,-126.201536398839,0.494376358775334,34.69,0,"lognormal/lognormal",FALSE,"Free-margin fit","lognormal",NA,2.78565298418236,0.07721,19.8851292781115,3.29111748139817,0.117120490435232,-126.395778331603,0.540451583235584,68.86,304.83,"lognormal/lognormal",FALSE,-0.194241932764783,0.732458802894612,1.98501008936293
53,"Lognormal fit","lognormal",NA,2.88621769742003,0.10073,19.2864319465603,3.76230977462454,0.117243966870552,40.3790047849969,0.526558557704981,38.64,0,"lognormal/lognormal",FALSE,"Free-margin fit","gamma",3.24291587702529,2.45638674242587,0.08821,19.4253233423367,3.76961215538395,0.117130846048198,41.5225534708616,0.547552515864735,75.74,79.87,"lognormal/gamma",FALSE,1.14354868586464,0.759656285646443,1.96014492753623
54,"Lognormal fit","lognormal",NA,3.03806158001495,0.10431,20.0161194933284,3.67440675918586,0.115897472324882,47.9682112298293,0.504967930295062,41.3399999999999,0,"lognormal/lognormal",FALSE,"Free-margin fit","weibull",1.99650116719956,2.32954002571635,0.07898,20.066576887853,3.75758863683305,0.115944689782953,56.9945912659307,0.703220553033841,69.9,97.53,"lognormal/weibull",FALSE,9.0263800361014,0.865743470570642,1.69085631349783
55,"Lognormal fit","lognormal",NA,3.48154866210223,0.12409,19.5448958307903,3.66909579097858,0.118632564513581,13.831639004394,0.539924026674509,34.97,0,"lognormal/lognormal",FALSE,"Free-margin fit","gamma",2.40844434458487,3.05465067764169,0.13538,19.8275520873552,3.80072521638366,0.118725467409988,21.5919406323442,0.57941128983732,87.6400000000001,79.5,"lognormal/gamma",FALSE,7.76030162795019,0.791981942579099,2.50614812696597
56,"Lognormal fit","lognormal",NA,3.37958170504771,0.10975,19.6920180998145,3.47709897322335,0.120176011597432,-57.6178198480822,0.522062103944058,42.1699999999998,0,"lognormal/lognormal",FALSE,"Free-margin fit","gamma",2.53075915142632,2.75264594011456,0.10407,19.6666289825327,3.53408864410149,0.119952150969442,-49.5631172687409,0.57484930980221,89.24,107.59,"lognormal/gamma",FALSE,8.05470257934132,0.776531112934037,2.11619634811478
57,"Lognormal fit","lognormal",NA,3.48479172691341,0.11925,20.4010344869827,3.5987453948984,0.123262709225797,-28.3925180829017,0.511625830179791,35.98,0,"lognormal/lognormal",FALSE,"Free-margin fit","gamma",2.21613132836813,3.261611575262,0.15383,20.5679031525888,3.80387263105412,0.123379461060787,-17.7827768867018,0.543621909944387,91.28,86.75,"lognormal/gamma",FALSE,10.6097411961999,0.746515754072708,2.53696498054475
58,"Lognormal fit","lognormal",NA,3.21454595584626,0.10015,19.6114603936117,3.34319168190839,0.114630459450569,-59.6853708865182,0.515464991380906,41.3,0,"lognormal/lognormal",FALSE,"Free-margin fit","gamma",2.17540172559014,3.00024805297594,0.11876,19.8606329483387,3.45333762277701,0.114808634687785,-51.2301131591363,0.549909451778858,87.8099999999999,100.18,"lognormal/gamma",FALSE,8.45525772738188,0.753727114077132,2.12615012106538
59,"Lognormal fit","lognormal",NA,3.34217057659824,0.10763,19.0812893177566,3.45311475806877,0.117130644984258,-12.7116691326655,0.513167586671472,35.2400000000002,0,"lognormal/lognormal",FALSE,"Free-margin fit","gamma",2.48049728453973,2.7305272653253,0.09734,19.2594520029317,3.45853637297002,0.117186138892625,-6.09028338556704,0.651497267815839,90.9400000000001,88.4400000000001,"lognormal/gamma",FALSE,6.62138574709847,0.829330851941326,2.58059023836548
60,"Lognormal fit","lognormal",NA,3.04600952746025,0.10176,20.1406820233055,3.6149157880886,0.125423869518244,-91.3922802224766,0.500189605055326,39.6999999999998,0,"lognormal/lognormal",FALSE,"Free-margin fit","gamma",2.98709962935214,2.49705385702985,0.08534,20.2095597160493,3.62732920805058,0.125467211422492,-83.5215207897141,0.497078068394057,88.0300000000002,105.68,"lognormal/gamma",FALSE,7.8707594327625,0.70517816690803,2.21738035264485
61,"Lognormal fit","lognormal",NA,3.03360043929744,0.08769,19.7675981624223,3.23475682641686,0.11776045013467,-194.327215909977,0.476160636106575,32.36,0,"lognormal/lognormal",FALSE,"Free-margin fit","gamma",2.50503465548281,2.58145027859792,0.08085,19.980722057127,3.30048721076818,0.117819632638081,-193.41124896274,0.48427465744456,68.89,81.32,"lognormal/gamma",FALSE,0.915966947237536,0.6791545444304,2.12886279357231
62,"Lognormal fit","lognormal",NA,3.22474827918669,0.1003,19.4649421853844,3.35430560049091,0.121401468909321,-129.968165911445,0.51437242119195,34.12,0,"lognormal/lognormal",FALSE,"Free-margin fit","gamma",2.22272745814564,2.83247850481961,0.10071,19.6017730805667,3.32138376142606,0.121406401166087,-119.683215080869,0.521268011405784,75.84,78.59,"lognormal/gamma",FALSE,10.2849508305762,0.732324605211248,2.22274325908558
63,"Lognormal fit","lognormal",NA,3.08782119888408,0.10434,20.0981549129764,3.66322861707365,0.120129356615973,-30.0881139703557,0.510663512817074,32.56,0,"lognormal/lognormal",FALSE,"Free-margin fit","gamma",2.6765859325156,2.77503939487188,0.11,20.1997716322717,3.70710387350717,0.120103952113468,-26.2873158818216,0.59184987140106,86.1099999999999,99.78,"lognormal/gamma",FALSE,3.80079808853409,0.781705503114904,2.64465601965602
64,"Lognormal fit","lognormal",NA,2.95022760194938,0.09465,20.2411352307904,3.5014341942933,0.118304974027055,-81.5637420282357,0.483749968287257,34.23,0,"lognormal/lognormal",FALSE,"Free-margin fit","lognormal",NA,3.03622079516656,0.09531,20.408946804524,3.46898636402788,0.118585527231445,-83.1486920754764,0.561710834236712,64.09,83.45,"lognormal/lognormal",FALSE,-1.58495004724068,0.741304993317073,1.87233420975752
65,"Lognormal fit","lognormal",NA,3.36821067110066,0.10672,20.331087379676,3.36410161458718,0.115299460516289,-92.2432503422654,0.493182367579532,42.46,0,"lognormal/lognormal",FALSE,"Free-margin fit","gamma",2.27230302077349,2.83172177826678,0.10017,20.750902210502,3.34637839407968,0.115449036864757,-87.4861250539613,0.514760374044182,84.04,101.9,"lognormal/gamma",FALSE,4.75712528830404,0.712886449848403,1.97927461139896
66,"Lognormal fit","lognormal",NA,3.24234683811544,0.09682,19.5482075045451,3.26218962376029,0.115124483486686,-89.8893190302532,0.51819361517824,34.9100000000001,0,"lognormal/lognormal",FALSE,"Free-margin fit","gamma",2.31259745474839,2.60017329042372,0.0783,19.3861929438591,3.1409838617444,0.114968285587257,-87.2157450678948,0.513232924321236,89.97,91.6300000000001,"lognormal/gamma",FALSE,2.67357396235838,0.729337135636752,2.57719851045545
67,"Lognormal fit","lognormal",NA,3.39988253199411,0.10712,19.7917083279855,3.39444707155703,0.116502350172542,-52.9128813845991,0.575378674148398,45.78,0,"lognormal/lognormal",FALSE,"Free-margin fit","gamma",2.36643519722563,2.80665723140692,0.10251,19.9842171911303,3.4499562557052,0.116279136644616,-42.8552287262433,0.617843537412369,82.0799999999999,104.44,"lognormal/gamma",FALSE,10.0576526583557,0.844269657980789,1.79292267365662
68,"Lognormal fit","lognormal",NA,3.54575379853308,0.12512,20.1087997450902,3.6490083506576,0.12543312277407,20.9593075152294,0.565786136972497,35.78,0,"lognormal/lognormal",FALSE,"Free-margin fit","gamma",2.1832102969841,3.19416233150703,0.1412,19.915720505229,3.67661266556664,0.125286808644173,28.9970807854886,0.554368820059683,90.3300000000002,96.4099999999999,"lognormal/gamma",FALSE,8.03777327025922,0.792110308886727,2.52459474566798
69,"Lognormal fit","lognormal",NA,3.33111843195444,0.10537,19.4360922120179,3.37774984682129,0.117743700312054,-87.6313709004408,0.523518177276861,38.2,0,"lognormal/lognormal",FALSE,"Free-margin fit","gamma",2.45602056006837,2.62460802783948,0.08487,19.7175557563848,3.3345908381479,0.117778231994885,-79.223553191255,0.573148326363786,79.3900000000003,97.78,"lognormal/gamma",FALSE,8.40781770918582,0.776254008654961,2.07827225130891
70,"Lognormal fit","lognormal",NA,3.56710587475753,0.12526,20.0285101661088,3.64788426764821,0.121692290658361,42.1162863719205,0.529574356556726,33.77,0,"lognormal/lognormal",FALSE,"Free-margin fit","gamma",2.41506283256954,2.9764280234338,0.12632,20.5061333558072,3.69104147726006,0.121416494828809,47.5832197384771,0.601709918378118,87.0299999999997,101.61,"lognormal/gamma",FALSE,5.46693336655657,0.801563363058138,2.57713947290494
71,"Lognormal fit","lognormal",NA,3.22402351426226,0.09918,19.7976468042371,3.34429123363183,0.120453191249568,-129.965382828485,0.514882313205822,32.73,0,"lognormal/lognormal",FALSE,"Free-margin fit","gamma",2.26826170257825,2.87226886833266,0.10744,20.162894300426,3.42011835238055,0.120539209659022,-124.344953039858,0.550842371006199,72.79,84.56,"lognormal/gamma",FALSE,5.62042978862755,0.754010022577889,2.2239535594256
72,"Lognormal fit","lognormal",NA,3.33720821642582,0.10539,19.9843772792621,3.36311593903252,0.117179806901439,-99.5758872690615,0.509327012048531,34.14,0,"lognormal/lognormal",FALSE,"Free-margin fit","lognormal",NA,3.32742588193081,0.1041,19.9843772792621,3.36311593903252,0.117179806901439,-99.5758872690615,0.509327012048531,0,370.66,"lognormal/lognormal",TRUE,0,0.720297168121998,0
73,"Lognormal fit","lognormal",NA,3.69941847535647,0.13783,20.7625099154729,3.75197561989067,0.126472283076462,57.7136712771079,0.544358449663825,40.03,0,"lognormal/lognormal",FALSE,"Free-margin fit","gamma",2.26979155107977,3.18609144082767,0.14507,20.887077021247,3.78691524614325,0.125948626846004,64.8450385651611,0.5612093743452,82.54,374.46,"lognormal/gamma",FALSE,7.13136728805322,0.781845306677307,2.06195353484886
74,"Lognormal fit","lognormal",NA,3.580687940367,0.12692,20.3377013274634,3.69473599918935,0.118836840443317,74.2517656845304,0.521478586347827,38.0999999999999,0,"lognormal/lognormal",FALSE,"Free-margin fit","gamma",2.3902314049993,3.07088797577979,0.13606,20.2699691998253,3.78651596749377,0.118412765582017,77.6522021413643,0.570302859217684,103.31,111.43,"lognormal/gamma",FALSE,3.40043645683389,0.772777631179367,2.71154855643045
75,"Lognormal fit","lognormal",NA,3.47563702830597,0.11763,20.1754147925657,3.54529751406413,0.123387404445653,-77.0181899302126,0.532520829446118,47.3499999999999,0,"lognormal/lognormal",FALSE,"Free-margin fit","gamma",2.52967036787394,2.81927908437716,0.11148,20.2027336720223,3.62723330865901,0.123384343190104,-70.8429156994487,0.54608885977038,83.6399999999999,98.78,"lognormal/gamma",FALSE,6.17527423076388,0.762752565750713,1.76642027455121
76,"Lognormal fit","lognormal",NA,3.13482528176321,0.09248,19.7582300066374,3.19189434844869,0.118618013705925,-208.191827925729,0.474418312973234,45.0899999999999,0,"lognormal/lognormal",FALSE,"Free-margin fit","gamma",2.20988179244488,2.82802035331838,0.10012,20.0981050901738,3.28864987516219,0.11852335208128,-203.276970594278,0.497960974943221,96.95,118.15,"lognormal/gamma",FALSE,4.91485733145112,0.687777484547708,2.15014415613219
77,"Lognormal fit","lognormal",NA,3.57091173991534,0.12145,20.1992901392894,3.57682781811588,0.122416500553654,11.6823180203225,0.555067062614386,43.22,0,"lognormal/lognormal",FALSE,"Free-margin fit","gamma",2.26445971387165,3.00351101954322,0.12295,20.3978733923011,3.55924600139528,0.122228266423096,18.297184066819,0.606107624835974,104.2,100.06,"lognormal/gamma",FALSE,6.61486604649645,0.821867323163337,2.4109208699676
78,"Lognormal fit","lognormal",NA,3.21765735408351,0.11559,20.2182493382889,3.76072343103479,0.120497191476028,43.747142669389,0.523586707490106,47.9699999999998,0,"lognormal/lognormal",FALSE,"Free-margin fit","gamma",2.7573559418439,2.78413689965824,0.11669,20.5284935778224,3.83123233319782,0.120397785118756,46.2108148140651,0.562627596164785,93.1800000000003,110.39,"lognormal/gamma",FALSE,2.46367214467606,0.768565450841042,1.94246404002503
79,"Lognormal fit","lognormal",NA,3.24011911486017,0.11159,20.328411541934,3.6542567408524,0.114104975376872,13.5144627580733,0.492575956802786,45.8399999999997,0,"lognormal/lognormal",FALSE,"Free-margin fit","gamma",2.76044340724382,2.64343071894979,0.09699,20.5350126819803,3.6444694385781,0.113993034533105,15.7882033132162,0.500857342287543,85.2199999999998,110.5,"lognormal/gamma",FALSE,2.2737405551429,0.702487829462918,1.85907504363003
80,"Lognormal fit","lognormal",NA,3.09866297767314,0.10415,19.4684847017136,3.59198156878759,0.124674078151933,-48.6425227140762,0.5327664026203,46.5100000000002,0,"lognormal/lognormal",FALSE,"Free-margin fit","gamma",2.52467648141582,2.86341218375768,0.11956,19.4537473021844,3.70793542843533,0.12462143560541,-48.6913875309298,0.558513677714374,93.0599999999999,116.16,"lognormal/gamma",FALSE,-0.0488648168536443,0.771866288909556,2.00086003010104
81,"Lognormal fit","lognormal",NA,3.42953924783,0.11626,19.9768336004031,3.52619650363296,0.123348391337248,-78.5243577170366,0.511673710630112,32.58,0,"lognormal/lognormal",FALSE,"Free-margin fit","gamma",2.39802261273204,2.93892082614917,0.12028,20.1995306736168,3.63202571916671,0.123072795467217,-71.1774719745156,0.561522253636831,69.6,79.44,"lognormal/gamma",FALSE,7.34688574252098,0.759682320104511,2.13627992633517
82,"Lognormal fit","lognormal",NA,3.45329113439762,0.11802,20.2301181848881,3.56733472143319,0.123462475745626,-9.38601828324609,0.523403096353244,32.52,0,"lognormal/lognormal",FALSE,"Free-margin fit","gamma",2.23662425563061,2.96569676884381,0.11498,20.3546867190482,3.48185082993592,0.12331797838783,0.962088939692982,0.574999180362999,72.34,84.39,"lognormal/gamma",FALSE,10.3481072229391,0.777544120092413,2.22447724477245
83,"Lognormal fit","lognormal",NA,3.40611004803123,0.11023,19.6336376028146,3.41438243341283,0.118443060064171,-33.5934121233127,0.518690493161608,34.73,0,"lognormal/lognormal",FALSE,"Free-margin fit","gamma",2.26865533982101,2.89692465860447,0.10947,19.8050131040324,3.44682667539162,0.118411326592169,-29.501733388867,0.607877124125042,84.59,98.91,"lognormal/gamma",FALSE,4.09167873444571,0.799096005327748,2.435646415203
84,"Lognormal fit","lognormal",NA,3.29234231006693,0.10474,19.7405261786733,3.36183929822171,0.120192051045265,-116.752510089232,0.495745149877879,36.23,0,"lognormal/lognormal",FALSE,"Free-margin fit","gamma",2.34772332153115,2.77026923656951,0.09794,20.2780301140903,3.36818205046381,0.120265881028484,-114.373225305803,0.518218664324254,80.25,84.5,"lognormal/gamma",FALSE,2.37928478342842,0.717156773433434,2.2150151807894
85,"Lognormal fit","lognormal",NA,3.21411549557556,0.10669,19.8962544047247,3.57258687056997,0.120757186859938,-31.8980279447196,0.526123843103525,41.21,0,"lognormal/lognormal",FALSE,"Free-margin fit","lognormal",NA,3.92563944408003,0.1462,20.0124141598586,3.83490681138432,0.120910041857959,-33.6470769135897,0.529124947710484,62.48,92.76,"lognormal/lognormal",FALSE,-1.74904896887003,0.746176593422526,1.51613685998544
86,"Lognormal fit","lognormal",NA,2.8129947005083,0.0785,19.6534355922674,3.27816566823092,0.11880991490725,-199.783194269886,0.470489893017961,34.8199999999999,0,"lognormal/lognormal",FALSE,"Free-margin fit","gamma",2.64625313042236,2.59983282653419,0.08808,19.8848511717776,3.45237114229004,0.118388192963732,-195.140925488683,0.490427834815789,87.27,92.71,"lognormal/gamma",FALSE,4.6422687812032,0.679617687081609,2.50631820792648
87,"Lognormal fit","lognormal",NA,3.20670423537699,0.10656,20.2238188771588,3.48955009999739,0.122875251492025,-104.590816741382,0.497122538334158,41.3,0,"lognormal/lognormal",FALSE,"Free-margin fit","gamma",2.5173513997555,2.70752825008377,0.09595,20.4966512309028,3.46454915838544,0.122935450406437,-101.468797102371,0.511777833905981,82.3899999999999,96.4400000000001,"lognormal/gamma",FALSE,3.12201963901119,0.713475556271758,1.99491525423729
88,"Lognormal fit","lognormal",NA,3.14327775606914,0.09624,20.154281587439,3.28398685857772,0.119041128310865,-110.666084721962,0.489056187324113,34.3100000000002,0,"lognormal/lognormal",FALSE,"Free-margin fit","lognormal",NA,3.1056580758158,0.09381,20.154281587439,3.28398685857772,0.119041128310865,-110.666084721962,0.489056187324113,0,353.24,"lognormal/lognormal",TRUE,0,0.691629892876238,0
89,"Lognormal fit","lognormal",NA,3.33729846556816,0.10824,19.7795866501945,3.43016121443863,0.117278738746596,-29.2398310632276,0.519363051364507,39.1499999999999,0,"lognormal/lognormal",FALSE,"Free-margin fit","gamma",2.44050978109718,2.81564780566263,0.10592,19.9417878482362,3.51520823762019,0.117101397078616,-23.5048164309933,0.518279570160651,78.29,80.9199999999998,"lognormal/gamma",FALSE,5.73501463223435,0.733724534119284,1.99974457215837
90,"Lognormal fit","lognormal",NA,3.50509214800614,0.11546,20.7470533799193,3.5019677585121,0.118485890479701,-64.8485442202428,0.496349425024849,39.5500000000002,0,"lognormal/lognormal",FALSE,"Free-margin fit","gamma",2.51481900949895,2.73819637446186,0.10001,21.1810924201281,3.49543898988392,0.118514556900493,-58.2352314121247,0.505340191647617,92.77,99.6100000000001,"lognormal/gamma",FALSE,6.61331280811809,0.708330050906319,2.34563843236408
91,"Lognormal fit","lognormal",NA,3.37694742824003,0.10517,19.8695216723154,3.34840347536088,0.119297515303051,-95.9633299054234,0.50752058162754,32.34,0,"lognormal/lognormal",FALSE,"Free-margin fit","lognormal",NA,3.36139757140704,0.10597,19.8695216723154,3.34840347536088,0.119297515303051,-95.9633299054234,0.50752058162754,0,299.3,"lognormal/lognormal",TRUE,0,0.717742489721149,0
92,"Lognormal fit","lognormal",NA,3.45408910245561,0.11817,19.7162249342628,3.55120682330587,0.12154587166642,-28.8417938081746,0.526790092439297,36.81,0,"lognormal/lognormal",FALSE,"Free-margin fit","gamma",2.4680674476629,2.85918459034007,0.11298,20.3534641136248,3.58550180066279,0.121415474093819,-28.8472988064027,0.554590262487624,99.09,87.67,"lognormal/gamma",FALSE,-0.0055049982280444,0.764904020605392,2.6919315403423
93,"Lognormal fit","lognormal",NA,3.48756256141887,0.11729,20.0386670839633,3.51580177432111,0.120315376520368,-21.1693625420039,0.531328174309899,41.25,0,"lognormal/lognormal",FALSE,"Free-margin fit","gamma",2.30943319038016,2.99043095442427,0.12212,20.4857373809171,3.58619050637145,0.120138400338811,-13.7035293849529,0.548811288059407,77.5,99.98,"lognormal/gamma",FALSE,7.46583315705097,0.763873980913682,1.87878787878788
94,"Lognormal fit","lognormal",NA,3.13313202373953,0.09844,19.9835341331062,3.41503447954291,0.114932875926093,-53.6294646425802,0.506642442599416,41.42,0,"lognormal/lognormal",FALSE,"Free-margin fit","gamma",2.8005538896378,2.50734437462282,0.08099,20.0878461412411,3.48330382891177,0.114955184453614,-48.3313796402729,0.527263471600907,87.7199999999999,116.94,"lognormal/gamma",FALSE,5.29808500230737,0.731227278708708,2.11781747947851
95,"Lognormal fit","lognormal",NA,3.5861560957998,0.12142,20.2661403295033,3.57316275442088,0.121112598125327,-35.523739833463,0.505048130107751,36.6099999999999,0,"lognormal/lognormal",FALSE,"Free-margin fit","lognormal",NA,3.58022309793894,0.12215,20.2661403295033,3.57316275442088,0.121112598125327,-35.523739833463,0.505048130107751,0,397.19,"lognormal/lognormal",TRUE,0,0.714245915249553,0
96,"Lognormal fit","lognormal",NA,3.36963232657157,0.10959,19.9297324825888,3.44603595638055,0.125783353996315,-150.2015149301,0.577573255793236,35.8299999999999,0,"lognormal/lognormal",FALSE,"Free-margin fit","gamma",2.43977596531615,2.77037157196202,0.10149,20.2396945211619,3.47383658537414,0.126023272333614,-143.555190302583,0.616908096378191,104.28,92.5599999999999,"lognormal/gamma",FALSE,6.64632462751686,0.845083703064118,2.91041027072286
97,"Lognormal fit","lognormal",NA,3.4379429736227,0.11209,19.8479732775653,3.46361126520542,0.117023880628252,-38.3086202158033,0.536754153112364,45.75,0,"lognormal/lognormal",FALSE,"Free-margin fit","gamma",2.39979029037046,2.78784266253147,0.10345,19.9850206692746,3.44944764602747,0.116863963173907,-29.9359396756577,0.527363967237485,93.3599999999999,106.97,"lognormal/gamma",FALSE,8.37268054014561,0.752474434664614,2.04065573770492
98,"Lognormal fit","lognormal",NA,3.00159905291618,0.08142,19.5331691489423,3.1033003006626,0.121198000866006,-216.27546327976,0.491174941260029,40.0599999999999,0,"lognormal/lognormal",FALSE,"Free-margin fit","lognormal",NA,3.00283222982049,0.08266,19.5331691489423,3.1033003006626,0.121198000866006,-216.27546327976,0.491174941260029,0,438.7,"lognormal/lognormal",TRUE,0,0.694626263427742,0
99,"Lognormal fit","lognormal",NA,3.24649192317916,0.11194,20.1130305165541,3.6380082319198,0.121295440336033,-0.148330794356482,0.526480916059675,48.1100000000001,0,"lognormal/lognormal",FALSE,"Free-margin fit","gamma",2.64373792841415,2.73703189512238,0.10518,20.1176351768859,3.64739213531746,0.121191089611337,2.37539378563756,0.546519214486464,90.9099999999999,101.11,"lognormal/gamma",FALSE,2.52372457999405,0.758857962189194,1.88962793598004
100,"Lognormal fit","lognormal",NA,3.17340711443522,0.09869,20.2640380715577,3.39261667790799,0.119340170050284,-78.170514834428,0.510658979089361,45.3099999999999,0,"lognormal/lognormal",FALSE,"Free-margin fit","weibull",1.60757136163026,2.77799085142284,0.10843,20.3486636496119,3.40410054723212,0.118996506170564,-55.655158297955,0.528610460854564,72.9400000000001,102.09,"lognormal/weibull",FALSE,22.515356536473,0.734984089793421,1.60979916133304
101,"Lognormal fit","lognormal",NA,2.85972943727204,0.08752,19.6076777455391,3.46048357692302,0.120227618200313,-117.620589102242,0.484963968642096,32.59,0,"lognormal/lognormal",FALSE,"Free-margin fit","weibull",2.03964342056501,2.0942013296753,0.04557,19.6309623476426,3.47279357967388,0.120134288097508,-109.468930311335,0.531187601642096,55.43,82.66,"lognormal/weibull",FALSE,8.15165879090712,0.719270685499815,1.70082847499233
102,"Lognormal fit","lognormal",NA,3.02701528147054,0.10258,19.914625358483,3.6472211189673,0.123069024096188,-40.3298455131692,0.513490084274954,34.05,0,"lognormal/lognormal",FALSE,"Free-margin fit","weibull",2.02201293095819,2.24055267009984,0.06677,20.1286911196833,3.6748492844765,0.123059214985125,-33.4019837584858,0.516012897820121,72.37,358.53,"lognormal/weibull",FALSE,6.92786175468346,0.727970725623921,2.12540381791483
103,"Lognormal fit","lognormal",NA,3.48326542492117,0.12511,20.700446330223,3.69899330490496,0.121232513288544,-0.212736974040172,0.512511460357372,35.59,0,"lognormal/lognormal",FALSE,"Free-margin fit","weibull",1.80438479925196,2.65678747702201,0.11487,21.0360792467208,3.78817147773863,0.121175139911367,10.9217638011883,0.551312683004576,70.2199999999999,84.97,"lognormal/weibull",FALSE,11.1345007752284,0.752737451864427,1.97302613093565
104,"Lognormal fit","lognormal",NA,3.26136212041687,0.11123,20.170928437871,3.59526465500861,0.124322583883078,-69.944061458256,0.517882257230524,39.97,0,"lognormal/lognormal",FALSE,"Free-margin fit","gamma",2.473628054645,2.96101852253855,0.12676,20.3616940361266,3.75172499807983,0.124157625855023,-63.7428572471366,0.525111118451256,83.1799999999998,96.64,"lognormal/gamma",FALSE,6.2012042111194,0.737525402325447,2.08106079559669
105,"Lognormal fit","lognormal",NA,3.04343782219365,0.09052,19.9670160753475,3.29539173882792,0.122755535329502,-160.70490157752,0.480913035350843,38.5,0,"lognormal/lognormal",FALSE,"Free-margin fit","gamma",2.48787189630025,2.71133467789976,0.09541,20.229003082498,3.4392658865362,0.122839019478362,-158.519050398957,0.590596164439635,100.39,118.26,"lognormal/gamma",FALSE,2.18585117856259,0.761630604047113,2.60753246753247
106,"Lognormal fit","lognormal",NA,3.19406455517351,0.10234,19.8382101480392,3.47880821892581,0.122079062782475,-78.8602172441157,0.509048952236173,46.8900000000001,0,"lognormal/lognormal",FALSE,"Free-margin fit","gamma",2.74141618837268,2.52873155859881,0.08279,20.0233746581882,3.46240322194505,0.12193716403888,-73.5973091619652,0.548312187960438,79.6399999999999,107.72,"lognormal/gamma",FALSE,5.26290808215047,0.748182525349736,1.69844316485391
107,"Lognormal fit","lognormal",NA,3.32134299321654,0.10579,19.9508304699509,3.42859141553757,0.12171860350613,-137.210391760482,0.498552530859774,44.1699999999998,0,"lognormal/lognormal",FALSE,"Free-margin fit","weibull",1.75801248806844,2.47698946655268,0.08259,19.8341043541274,3.42038553897592,0.121542514997814,-127.292155917684,0.535147346659834,75.1599999999999,107.22,"lognormal/weibull",FALSE,9.91823584279733,0.731394085745671,1.70160742585466
108,"Lognormal fit","lognormal",NA,3.19860767324364,0.10756,19.4445448357498,3.59872844662184,0.117718642768154,15.9403002732286,0.528353409025272,42.6100000000001,0,"lognormal/lognormal",FALSE,"Free-margin fit","gamma",2.69045742516702,2.7204044328004,0.10564,19.5762619765913,3.67398074924226,0.117443342157661,17.0322707584219,0.543265555771008,94.6100000000001,102.45,"lognormal/gamma",FALSE,1.0919704851933,0.757822399323093,2.22037080497535
109,"Lognormal fit","lognormal",NA,3.07427827156832,0.0932,19.5576179466845,3.34510007181487,0.124909840189563,-207.727899812507,0.495923456724816,46.23,0,"lognormal/lognormal",FALSE,"Free-margin fit","gamma",2.92468179030359,2.30717731438449,0.06081,19.6871835419108,3.3058238704985,0.125044636563362,-200.423063790212,0.499421863612216,95.9399999999996,117.41,"lognormal/gamma",FALSE,7.30483602229464,0.703819772941759,2.07527579493834
110,"Lognormal fit","lognormal",NA,3.39298836165966,0.12533,20.1125845349361,3.75200069938031,0.121637944643218,51.317625128664,0.530510893977922,44.8800000000001,0,"lognormal/lognormal",FALSE,"Free-margin fit","lognormal",NA,3.42472333856128,0.12609,20.1125845349361,3.75200069938031,0.121637944643218,51.317625128664,0.530510893977922,0,405.41,"lognormal/lognormal",TRUE,0,0.750255701250253,0
111,"Lognormal fit","lognormal",NA,2.86506270826141,0.08617,20.8900243996826,3.43218655149031,0.117913416694187,-161.633654441236,0.473000517706922,43.52,0,"lognormal/lognormal",FALSE,"Free-margin fit","gamma",3.05706266076106,2.37424206715087,0.07156,21.3612847480098,3.4804691397593,0.117849054239153,-159.586858141096,0.466312067115152,91.1300000000001,95.1399999999999,"lognormal/gamma",FALSE,2.04679630014067,0.66421113637775,2.09397977941177
112,"Lognormal fit","lognormal",NA,3.39836754961899,0.12175,19.8443588804522,3.67943808517015,0.121027774867288,16.654624723323,0.526587794975018,38.4200000000001,0,"lognormal/lognormal",FALSE,"Free-margin fit","gamma",2.74855716967105,2.76352356993506,0.11211,20.1785958707216,3.77563351521365,0.121429026434379,20.5733108591936,0.558179297164875,75.79,94.7400000000002,"lognormal/gamma",FALSE,3.9186861358706,0.767371379190106,1.97267048412285
113,"Lognormal fit","lognormal",NA,3.3455975194206,0.11282,19.8331843572449,3.5654393801109,0.121475383932995,-19.3182198873576,0.508867341344447,41.2399999999998,0,"lognormal/lognormal",FALSE,"Free-margin fit","gamma",2.54609725519051,2.74565822765945,0.10276,20.0355095977739,3.54779526051403,0.121485283849245,-15.7658404342268,0.54197015077006,88.71,90.5,"lognormal/gamma",FALSE,3.55237945313081,0.74342290482113,2.15106692531524
114,"Lognormal fit","lognormal",NA,3.3584051507327,0.10618,20.2234734762531,3.4040279769805,0.120634523993229,-117.62574434889,0.509343325148905,39.8200000000002,0,"lognormal/lognormal",FALSE,"Free-margin fit","gamma",2.28299984507389,2.92910968936233,0.11509,20.3569386803335,3.49455061927084,0.120759052285191,-115.701685188762,0.527202616192312,81.8499999999999,92.0499999999997,"lognormal/gamma",FALSE,1.92405916012727,0.733057447539933,2.0554997488699
115,"Lognormal fit","lognormal",NA,3.49281362225429,0.124,19.8043900223145,3.70967318799759,0.12314868026009,29.6057702123773,0.536875858642112,33.5,0,"lognormal/lognormal",FALSE,"Free-margin fit","gamma",2.6388026694619,2.88024142243705,0.12269,19.9106336807647,3.81115913310164,0.123171162144724,35.8863172812126,0.577049202676627,84.5,83.3299999999999,"lognormal/gamma",FALSE,6.28054706883526,0.788176039919025,2.52238805970149
116,"Lognormal fit","lognormal",NA,3.18180369267826,0.10649,20.4181295747301,3.5663505983133,0.1189874080538,-88.7194661460224,0.480202383072385,37.2000000000003,0,"lognormal/lognormal",FALSE,"Free-margin fit","gamma",2.84236290622356,2.53114644225398,0.08527,20.2827638807561,3.54695265488993,0.118936490994481,-81.9721279477483,0.4932823810121,81.6100000000001,88.4099999999999,"lognormal/gamma",FALSE,6.74733819827412,0.688419810962297,2.19381720430106
117,"Lognormal fit","lognormal",NA,3.47095095221615,0.12075,19.9701320159718,3.5960750528734,0.12056148692503,-37.2098137264913,0.538982138389793,37.0500000000002,0,"lognormal/lognormal",FALSE,"Free-margin fit","gamma",2.63843660933895,2.67812185118896,0.09721,19.6903211478254,3.54394198727466,0.120502981698,-32.3800157463123,0.545416180618701,72.4000000000001,87.3500000000004,"lognormal/gamma",FALSE,4.82979798017894,0.766798901658007,1.95411605937921
118,"Lognormal fit","lognormal",NA,3.31148427538196,0.1092,19.5238548999802,3.47481205515651,0.122698955642218,-71.1224076780015,0.507115501233997,39.1300000000001,0,"lognormal/lognormal",FALSE,"Free-margin fit","gamma",2.41655371421831,2.78692848113214,0.10079,19.7610463830846,3.45512064634222,0.122519624400901,-67.9530078913085,0.545931879343425,86.1100000000001,91.3299999999999,"lognormal/gamma",FALSE,3.16939978669299,0.745122639889067,2.20061334014822
119,"Lognormal fit","lognormal",NA,3.62544308318658,0.13432,19.9778242200314,3.76244848504009,0.122295597626978,115.470244348505,0.534981908920413,38.3299999999999,0,"lognormal/lognormal",FALSE,"Free-margin fit","gamma",2.46509724306811,2.87003317308449,0.11606,20.1138499353056,3.6241476464613,0.122350889992936,121.351949598446,0.633453180652159,80.3800000000001,88.6900000000005,"lognormal/gamma",FALSE,5.88170524994105,0.82913724735442,2.09705191755806
120,"Lognormal fit","lognormal",NA,3.17881355659493,0.09639,19.8814540714214,3.32889373638262,0.117038411047603,-131.734588224066,0.501108562416661,34.3400000000001,0,"lognormal/lognormal",FALSE,"Free-margin fit","lognormal",NA,3.19564562518923,0.09729,19.8814540714214,3.32889373638262,0.117038411047603,-131.734588224066,0.501108562416661,0,312.34,"lognormal/lognormal",TRUE,0,0.708674525190926,0
121,"Lognormal fit","lognormal",NA,3.08489671564353,0.09086,19.5619503054023,3.23999891401633,0.113790007730321,-116.186809092557,0.509085197261002,39.6300000000001,0,"lognormal/lognormal",FALSE,"Free-margin fit","gamma",2.27726695101366,2.75665037976025,0.09456,19.6098177510328,3.28163802777356,0.113904989577994,-105.000910753204,0.519840440075956,87.8099999999999,93.7799999999997,"lognormal/gamma",FALSE,11.185898339353,0.727600042062009,2.21574564723693
122,"Lognormal fit","lognormal",NA,3.45948847407186,0.11797,19.9451552801116,3.54899482249343,0.120655449870824,-44.3656602845318,0.501061710824495,34.4200000000001,0,"lognormal/lognormal",FALSE,"Free-margin fit","weibull",1.74742786037786,2.65198219757256,0.10592,20.176542235434,3.62916515929758,0.120325043135907,-30.2992693047831,0.523038903024226,66.46,96.2199999999998,"lognormal/weibull",FALSE,14.0663909797487,0.7243152160014,1.9308541545613
123,"Lognormal fit","lognormal",NA,3.56799333639915,0.12231,19.8569677144129,3.56479284493711,0.115685124197298,40.4820410705007,0.529396092889531,41.1299999999997,0,"lognormal/lognormal",FALSE,"Free-margin fit","weibull",1.68846728654967,2.79059308409463,0.12021,19.9642905629842,3.64480274596303,0.115403138535328,62.5440646014185,0.541961969542511,69.1199999999999,92.3600000000001,"lognormal/weibull",FALSE,22.0620235309177,0.757616657417918,1.6805251641138
124,"Lognormal fit","lognormal",NA,3.73907331800253,0.14065,20.3867464100511,3.84171620584085,0.11959506514255,125.281098523386,0.525902205559895,37.4200000000001,0,"lognormal/lognormal",FALSE,"Free-margin fit","gamma",2.45779571396141,3.18507121816085,0.15686,20.6760123458844,4.01479944201815,0.119452148810234,131.508465628173,0.582342539090295,81.3800000000001,312.98,"lognormal/gamma",FALSE,6.22736710478659,0.784662961179444,2.17477284874399
125,"Lognormal fit","lognormal",NA,3.41806735097202,0.11169,19.9218708369,3.44369620855511,0.11634528260499,-40.3219083199016,0.516842404181098,39.3900000000003,0,"lognormal/lognormal",FALSE,"Free-margin fit","gamma",2.37936236822261,2.71570047041029,0.09307,20.0013320851285,3.35155327731592,0.116353701126137,-35.7735868381153,0.550277232881361,81.9000000000001,91.9499999999998,"lognormal/gamma",FALSE,4.54832148178635,0.754937814516709,2.07920792079206
126,"Lognormal fit","lognormal",NA,3.54727669187342,0.11794,20.3140992458441,3.45101557341411,0.11955524557368,-62.1630802809,0.508874315351091,32.7999999999997,0,"lognormal/lognormal",FALSE,"Free-margin fit","gamma",2.21364177439047,2.98805618015719,0.11934,20.6151627761326,3.49388587766003,0.119500689409429,-56.0115560360019,0.572981177720016,85.4699999999998,73.3000000000002,"lognormal/gamma",FALSE,6.15152424489809,0.766329236585332,2.60579268292684
127,"Lognormal fit","lognormal",NA,3.10085565017908,0.08794,19.935677580567,3.23207800913052,0.119149957300526,-185.291155674232,0.474898193608973,39.73,0,"lognormal/lognormal",FALSE,"Free-margin fit","lognormal",NA,3.40701722590429,0.1069,19.9681915732428,3.35759179326326,0.119032519404606,-185.137625072687,0.745543748277809,66.2000000000007,92.6699999999996,"lognormal/lognormal",FALSE,0.153530601544503,0.88394783493665,1.66624716838663
128,"Lognormal fit","lognormal",NA,3.41726969230795,0.11906,20.832364108598,3.61399630027242,0.116041387897613,58.1912403208662,0.519277740288445,35.9799999999996,0,"lognormal/lognormal",FALSE,"Free-margin fit","weibull",1.6917090327033,2.75612368613045,0.11551,20.9850830623678,3.61174785600639,0.116076630610172,84.5704907586348,0.544074740512088,58.8200000000006,85.6499999999996,"lognormal/weibull",FALSE,26.3792504377686,0.752108166969598,1.63479710950532
129,"Lognormal fit","lognormal",NA,3.44349888872807,0.13293,20.1764388679189,3.88571014708774,0.121412739368747,91.3141244645845,0.516164353410849,31.8500000000004,0,"lognormal/lognormal",FALSE,"Free-margin fit","lognormal",NA,3.48220711983493,0.13333,20.1764388679189,3.88571014708774,0.121412739368747,91.3141244645845,0.516164353410849,0,340.049999999999,"lognormal/lognormal",TRUE,0,0.729966629007162,0
130,"Lognormal fit","lognormal",NA,3.57609654294415,0.12545,20.1038149037816,3.64906512901444,0.12261534711476,-4.99000236255351,0.520063373266044,36.0199999999995,0,"lognormal/lognormal",FALSE,"Free-margin fit","gamma",2.56384373653568,2.88544765150853,0.12232,20.171296814868,3.74049198530866,0.122533084709251,1.6079242423957,0.554041815849654,73.5200000000004,82.6999999999998,"lognormal/gamma",FALSE,6.59792660494922,0.759886995495277,2.04108828428655
131,"Lognormal fit","lognormal",NA,3.12337767284808,0.0897,19.3537639136482,3.14946984852216,0.123360979966212,-252.52982577458,0.485108665810107,41.9500000000003,0,"lognormal/lognormal",FALSE,"Free-margin fit","lognormal",NA,3.11542291075183,0.08679,19.3537639136482,3.14946984852216,0.123360979966212,-252.52982577458,0.485108665810107,0,343.88,"lognormal/lognormal",TRUE,0,0.686047254413371,0
132,"Lognormal fit","lognormal",NA,3.37411934588726,0.11744,20.1577425566746,3.62410747375591,0.121246393951514,-5.84899258056645,0.52674465087653,40.75,0,"lognormal/lognormal",FALSE,"Free-margin fit","gamma",2.51959057167571,2.93932699667021,0.12635,20.1879740356645,3.76704293787792,0.120903309256188,-1.10637032756416,0.530336527668282,82.5899999999997,98.7000000000003,"lognormal/gamma",FALSE,4.7426222530023,0.747473584687973,2.02674846625766
133,"Lognormal fit","lognormal",NA,3.41448312242299,0.11295,20.4473465806863,3.510356442812,0.121484215561799,-35.9912920595929,0.497868035696547,38.1500000000001,0,"lognormal/lognormal",FALSE,"Free-margin fit","gamma",2.39646284179674,2.98661763049464,0.12749,20.572307618771,3.69440396202074,0.121532525660584,-31.9815921673759,0.588037165854297,71.6700000000001,94.6900000000001,"lognormal/gamma",FALSE,4.00969989221703,0.77049353624433,1.8786369593709
134,"Lognormal fit","lognormal",NA,3.11200510577938,0.10174,19.781169459403,3.54281279083909,0.123653091917906,-100.237437400562,0.495849539555063,40.75,0,"lognormal/lognormal",FALSE,"Free-margin fit","gamma",3.05702796616703,2.38743212839187,0.0716,19.7539155973596,3.50613390188072,0.123399701507597,-91.2872066035485,0.551752414952578,80.6399999999999,91.7800000000002,"lognormal/gamma",FALSE,8.95023079701312,0.741820391525449,1.97889570552147
135,"Lognormal fit","lognormal",NA,3.42242519730895,0.11388,20.1567147686485,3.5205277782998,0.124122442992129,-107.268865672743,0.522683898007418,37.5899999999997,0,"lognormal/lognormal",FALSE,"Free-margin fit","gamma",2.4066190746687,2.91714690770758,0.11673,20.4756198384645,3.6255568400135,0.124007484824561,-103.165682353257,0.52206237618019,78.9099999999999,92.04,"lognormal/gamma",FALSE,4.1031833194855,0.738747305821913,2.09922851822295
136,"Lognormal fit","lognormal",NA,3.49360183369129,0.1138,20.4054232178109,3.45049210846645,0.119110038301954,-71.7170200898737,0.496211838654737,30.8899999999999,0,"lognormal/lognormal",FALSE,"Free-margin fit","weibull",1.7000243235059,2.68216118038949,0.10415,20.6639694847159,3.52781843685529,0.118806534482627,-60.8427134708109,0.535963393032922,66.4499999999998,90.0299999999997,"lognormal/weibull",FALSE,10.8743066190628,0.730399169969734,2.15118161217223
137,"Lognormal fit","lognormal",NA,3.16742825254453,0.09539,20.0112619990655,3.35880675508074,0.121498489942357,-147.087730643288,0.480966696542891,38.0500000000002,0,"lognormal/lognormal",FALSE,"Free-margin fit","gamma",2.51990441350038,2.66177725203408,0.09096,20.1151318801823,3.40036831891297,0.1217449616819,-141.185866441319,0.50141981765657,80.6700000000001,102.88,"lognormal/gamma",FALSE,5.90186420196903,0.694802703450504,2.12010512483573
138,"Lognormal fit","lognormal",NA,3.36719726149078,0.10755,20.1140266448864,3.40709855571702,0.115913506739703,-32.8858641494655,0.529492998843629,36.3599999999997,0,"lognormal/lognormal",FALSE,"Free-margin fit","gamma",2.48003352328449,2.58326248847331,0.08198,20.2246639218497,3.2908006515008,0.11586628062929,-32.1116734277022,0.519350566373934,69.3000000000002,82.8500000000004,"lognormal/gamma",FALSE,0.774190721763333,0.74167907252217,1.90594059405943
139,"Lognormal fit","lognormal",NA,2.96651863042871,0.10287,20.0102859937175,3.70459984774208,0.117068961041934,49.5545185905426,0.530084705477461,37.29,0,"lognormal/lognormal",FALSE,"Free-margin fit","gamma",3.03793618188978,2.5601605751979,0.09458,20.3486826742436,3.76489399991611,0.117046894865685,49.9320855917917,0.512539192763395,82.5500000000002,89.0799999999999,"lognormal/gamma",FALSE,0.377567001249147,0.737350811418608,2.21373022257979
140,"Lognormal fit","lognormal",NA,2.80355816615203,0.09266,19.7580747469617,3.65969284984651,0.123239538129825,-64.7855165317505,0.502869801034893,38.6199999999999,0,"lognormal/lognormal",FALSE,"Free-margin fit","gamma",3.27359384917757,2.39354146786645,0.07903,19.7595376434908,3.70072582866667,0.123322327800813,-60.2261628277375,0.506345952008053,76.25,94.4499999999998,"lognormal/gamma",FALSE,4.559353704013,0.71362753583912,1.97436561367168
141,"Lognormal fit","lognormal",NA,2.95909558128317,0.09012,19.5547671356879,3.41640282698981,0.121198715995258,-120.717950598667,0.506952053568752,41.5799999999999,0,"lognormal/lognormal",FALSE,"Free-margin fit","gamma",2.64918502181613,2.64979211077626,0.09513,19.6196636495721,3.53314065482718,0.121143284059876,-119.639704236184,0.531769117270752,75.96,97.8899999999999,"lognormal/gamma",FALSE,1.07824636248284,0.734696385386841,1.82683982683983
142,"Lognormal fit","lognormal",NA,3.56263584556319,0.1257,19.887118600033,3.67304974180565,0.12104952008766,6.2789366501987,0.523364012440328,38.5299999999997,0,"lognormal/lognormal",FALSE,"Free-margin fit","gamma",2.42498720217913,3.05111509398464,0.13783,20.0141087061974,3.81792714888991,0.121325150755015,12.5216524459583,0.631293692087967,91.1900000000001,96.5700000000002,"lognormal/gamma",FALSE,6.24271579575957,0.820025374721842,2.36672722553856
143,"Lognormal fit","lognormal",NA,3.00295304695113,0.07619,19.535574947681,2.95783896158728,0.119862623389095,-302.450762864049,0.469276547359918,39.6599999999999,0,"lognormal/lognormal",FALSE,"Free-margin fit","gamma",2.39817539192976,2.334294918607,0.05243,19.5674500864499,2.88785608673983,0.1197649055455,-298.538247099231,0.487282211257044,83.3699999999999,96.25,"lognormal/gamma",FALSE,3.91251576481807,0.676509003125309,2.10211800302572
144,"Lognormal fit","lognormal",NA,3.36917754830851,0.1108,19.6613690234106,3.43408748755719,0.123988593696558,-44.9150586224551,0.547782579528188,34.9400000000001,0,"lognormal/lognormal",FALSE,"Free-margin fit","gamma",2.23494071863981,3.06981866140129,0.13105,19.600223859061,3.59917439147213,0.123936150770946,-40.6197296386421,0.586486424639696,83.73,79.52,"lognormal/gamma",FALSE,4.29532898381301,0.802516093745919,2.39639381797367
145,"Lognormal fit","lognormal",NA,3.45139021027733,0.11854,19.9876256123423,3.58784816516426,0.123198218596465,-48.4494413888471,0.511928306276676,38.6700000000001,0,"lognormal/lognormal",FALSE,"Free-margin fit","lognormal",NA,3.45949182546253,0.11924,19.9876256123423,3.58784816516426,0.123198218596465,-48.4494413888471,0.511928306276676,0,327.68,"lognormal/lognormal",TRUE,0,0.723975953699162,0
146,"Lognormal fit","lognormal",NA,3.46916583237061,0.12098,19.8807181886303,3.63297879001796,0.119142790601932,29.3560000707568,0.528906613904388,30.77,0,"lognormal/lognormal",FALSE,"Free-margin fit","lognormal",NA,3.46395360202151,0.12057,19.8807181886303,3.63297879001796,0.119142790601932,29.3560000707568,0.528906613904388,0,326.4,"lognormal/lognormal",TRUE,0,0.747986906612415,0
147,"Lognormal fit","lognormal",NA,3.4728151944907,0.11531,20.4533325332158,3.50954010411535,0.120015719484803,-67.8394115310969,0.499746952393647,37,0,"lognormal/lognormal",FALSE,"Free-margin fit","lognormal",NA,3.44361553939872,0.11448,20.4533325332158,3.50954010411535,0.120015719484803,-67.8394115310969,0.499746952393647,0,309.45,"lognormal/lognormal",TRUE,0,0.706748917829717,0
148,"Lognormal fit","lognormal",NA,3.21419070048915,0.09911,19.4160907260561,3.3427887413993,0.117430662093823,-85.3656455100823,0.522021931325805,37.6899999999996,0,"lognormal/lognormal",FALSE,"Free-margin fit","lognormal",NA,3.26373284716404,0.10112,19.4160907260561,3.3427887413993,0.117430662093823,-85.3656455100823,0.522021931325805,0,347.89,"lognormal/lognormal",TRUE,0,0.73825049513715,0
149,"Lognormal fit","lognormal",NA,3.15720494205562,0.09966,19.8927886388753,3.40792977577535,0.121249395972228,-161.666797966154,0.480885485645116,32.1399999999994,0,"lognormal/lognormal",FALSE,"Free-margin fit","gamma",2.83146862498484,2.41337454935627,0.0708,20.1882558152469,3.37431647692608,0.121328893380924,-154.705101399312,0.571931668262464,57.0299999999997,75.8400000000001,"lognormal/gamma",FALSE,6.96169656684174,0.747232683617107,1.77442439327943
150,"Lognormal fit","lognormal",NA,3.59681155345337,0.12899,19.7802544708526,3.70027644655275,0.120677935816075,67.3864472350557,0.575487964408663,26.9200000000001,0,"lognormal/lognormal",FALSE,"Free-margin fit","gamma",2.30121912025461,3.13869706823407,0.14053,19.9462257570932,3.75971856901679,0.120527918744273,67.8914541762155,0.620547280831027,60.5299999999997,72.5200000000004,"lognormal/gamma",FALSE,0.505006941159806,0.846324597850026,2.24851411589894
151,"Lognormal fit","lognormal",NA,3.57747693385871,0.13249,20.510057704908,3.7770735388017,0.118748665883018,111.570584485067,0.542127614297536,35.8600000000001,0,"lognormal/lognormal",FALSE,"Free-margin fit","gamma",2.74229551393669,2.68342509744695,0.10174,20.7040990933415,3.64557107575383,0.118649906812886,116.451052635857,0.564752054935075,86.4000000000001,103.34,"lognormal/gamma",FALSE,4.88046815079045,0.782845600190311,2.40936977133296
152,"Lognormal fit","lognormal",NA,3.24080021649062,0.10271,19.8334969133748,3.45341456489223,0.116153148089226,-63.8103382398252,0.503027585210583,41.1300000000001,0,"lognormal/lognormal",FALSE,"Free-margin fit","gamma",2.69538726639115,2.52775104968699,0.08093,20.0158151517801,3.39636222220657,0.11602610253222,-58.9161051789109,0.546308563231644,80.9500000000003,92.5899999999997,"lognormal/gamma",FALSE,4.89423306091423,0.742623590887748,1.96814976902504
153,"Lognormal fit","lognormal",NA,2.7556285360898,0.08703,20.1157841739961,3.57062876894401,0.122661591661833,-105.998405999898,0.485795076649697,37.98,0,"lognormal/lognormal",FALSE,"Free-margin fit","gamma",3.15139645649304,2.4186204928091,0.07907,20.0180250297627,3.62738819731313,0.122558306474112,-100.772582324872,0.516580022535286,78.7999999999997,78.4500000000003,"lognormal/gamma",FALSE,5.22582367502544,0.709120424314264,2.07477619799894
154,"Lognormal fit","lognormal",NA,3.20439941052254,0.11988,20.2606415449023,3.84444309798985,0.121958779435372,50.1358252184792,0.522598866674014,39.52,0,"lognormal/lognormal",FALSE,"Free-margin fit","gamma",3.03361550050157,2.64192714540227,0.10828,20.2695153473266,3.87092936150482,0.121858669233827,58.6427802401144,0.578470117848519,83.5,89.1599999999999,"lognormal/gamma",FALSE,8.50695502163519,0.779575046222391,2.11285425101215
155,"Lognormal fit","lognormal",NA,3.2196037583927,0.09704,19.7882669519509,3.30361948886101,0.123998763988067,-177.509988373633,0.501621242494144,38.46,0,"lognormal/lognormal",FALSE,"Free-margin fit","gamma",2.17026346827052,2.985007577996,0.11601,19.8865996015623,3.42959725582231,0.124157556077461,-178.063276919697,0.537086902057507,69.0599999999999,95.2599999999998,"lognormal/gamma",FALSE,-0.553288546064437,0.734905579842131,1.79563182527301
156,"Lognormal fit","lognormal",NA,3.65621553893879,0.12735,20.4840146878959,3.59079391932577,0.119253506403191,-4.53425251538416,0.529284167801371,36.9699999999998,0,"lognormal/lognormal",FALSE,"Free-margin fit","gamma",2.2449849220597,3.07260260234898,0.12885,20.4476098941686,3.61945195420767,0.11936169791338,1.63315677446707,0.52572523860716,83.9000000000005,95.0700000000002,"lognormal/gamma",FALSE,6.16740928985123,0.746008550080859,2.26940762780636
157,"Lognormal fit","lognormal",NA,3.18522111421622,0.0917,19.7870591823119,3.21806766922613,0.116889908705132,-147.027246194089,0.482622558710772,40.1000000000004,0,"lognormal/lognormal",FALSE,"Free-margin fit","gamma",2.46795632149063,2.48014425810114,0.0686,19.8893352254984,3.14181274757196,0.116970721744978,-142.085258618203,0.520348676838648,80.2400000000007,95.1099999999997,"lognormal/gamma",FALSE,4.9419875758858,0.709709292361502,2.00099750623441
158,"Lognormal fit","lognormal",NA,3.12294047389976,0.11668,20.6037952065651,3.92959197969859,0.120217553790067,104.067534722379,0.542017540115268,35.8400000000001,0,"lognormal/lognormal",FALSE,"Free-margin fit","weibull",1.99020145316351,2.49942634246363,0.1088,20.4743001281201,4.01929344021597,0.120005507188435,117.045653238684,0.561444256034776,63.71,76.8699999999999,"lognormal/weibull",FALSE,12.9781185163047,0.780386229009104,1.77762276785714
159,"Lognormal fit","lognormal",NA,3.57655342236514,0.12548,20.9545657757194,3.61406729692505,0.122151411379694,-34.0106226187524,0.497795245925501,37.4500000000007,0,"lognormal/lognormal",FALSE,"Free-margin fit","gamma",2.31941516688578,3.06361664208338,0.13368,21.1749877844958,3.69919318209605,0.122162017472989,-24.2510019314459,0.570104414184692,82.6700000000001,90.75,"lognormal/gamma",FALSE,9.75962068730652,0.756848168352742,2.20747663551398
160,"Lognormal fit","lognormal",NA,3.2490733888818,0.09887,19.3115872978156,3.30575341118471,0.124815075071559,-165.332774482813,0.515009317659661,35.7700000000004,0,"lognormal/lognormal",FALSE,"Free-margin fit","lognormal",NA,3.2735881163601,0.09954,19.3115872978156,3.30575341118471,0.124815075071559,-165.332774482813,0.515009317659661,0,306.7,"lognormal/lognormal",TRUE,0,0.728333161782806,0
161,"Lognormal fit","lognormal",NA,3.27978376756219,0.09818,20.0319997967167,3.27254106573417,0.121451254742735,-158.446528328867,0.499142295481817,42.5900000000001,0,"lognormal/lognormal",FALSE,"Free-margin fit","gamma",2.14920760105463,2.95565293123464,0.11112,20.4426739394505,3.37914736970298,0.121488508704814,-154.760134262501,0.513488933904199,87.25,104.87,"lognormal/gamma",FALSE,3.68639406636558,0.716110268311332,2.04860295844094
162,"Lognormal fit","lognormal",NA,3.81739185360697,0.13958,20.3956638122881,3.79025845103531,0.119441455406113,108.97911213818,0.530916211553909,39.2399999999998,0,"lognormal/lognormal",FALSE,"Free-margin fit","gamma",2.31252386346979,3.23357268495341,0.15392,20.8055230054709,3.89588171092885,0.119169087060483,114.760671501998,0.562924459949412,72.6900000000001,89.0799999999999,"lognormal/gamma",FALSE,5.78155936381783,0.773793235496468,1.85244648318044
163,"Lognormal fit","lognormal",NA,3.32386965096534,0.10797,19.7698863772676,3.45082136060908,0.122026606764587,-72.8653075393592,0.512257798071032,37.4200000000001,0,"lognormal/lognormal",FALSE,"Free-margin fit","weibull",1.67821939378197,2.69083255697632,0.10304,19.7611633327478,3.47966955464224,0.121966729171286,-63.5262215834971,0.553698602872423,63.8999999999996,95.2599999999998,"lognormal/weibull",FALSE,9.33908595586206,0.754314387047904,1.70764297167289
164,"Lognormal fit","lognormal",NA,3.25244133859573,0.10302,20.7291292142207,3.44014928894716,0.120021487453784,-114.479190706833,0.486871103953938,38.5900000000001,0,"lognormal/lognormal",FALSE,"Free-margin fit","gamma",2.4540219731428,2.7801958765527,0.10462,20.9901304817999,3.509157254296,0.119963728926923,-108.436377791125,0.525295573496986,83.96,90.8800000000001,"lognormal/gamma",FALSE,6.04281291570865,0.716225461290545,2.17569318476288
165,"Lognormal fit","lognormal",NA,3.32316084441327,0.10689,20.3917815539744,3.40932631808747,0.121417983282051,-93.4994876639058,0.52647890094824,31.1099999999997,0,"lognormal/lognormal",FALSE,"Free-margin fit","lognormal",NA,3.36729731503949,0.10906,20.3917815539744,3.40932631808747,0.121417983282051,-93.4994876639058,0.52647890094824,0,343.96,"lognormal/lognormal",TRUE,0,0.744553602024282,0
166,"Lognormal fit","lognormal",NA,3.09211554817403,0.1056,20.1633311386154,3.63255114971448,0.116735263783702,-56.143209152358,0.492387077841905,37.5299999999997,0,"lognormal/lognormal",FALSE,"Free-margin fit","gamma",2.71580180448973,2.75301390175466,0.10879,20.0893536799712,3.71549369205658,0.116935008694094,-49.584994356987,0.506002808034631,75.8900000000003,90.4500000000007,"lognormal/gamma",FALSE,6.55821479537104,0.706033905818001,2.0221156408207
167,"Lognormal fit","lognormal",NA,3.02834159419767,0.11189,20.1455176645163,3.85262330058008,0.121190755973293,76.5964266746082,0.528894670596045,33.2200000000003,0,"lognormal/lognormal",FALSE,"Free-margin fit","gamma",3.09699370178437,2.62702737464013,0.10614,20.3887436587582,3.88570701744658,0.121027935131751,81.5717565417464,0.522319587045578,84.1999999999998,86.1300000000001,"lognormal/gamma",FALSE,4.97532986713819,0.743335269980083,2.53461770018059
168,"Lognormal fit","lognormal",NA,3.15156337223561,0.10071,19.9282585323572,3.48103486158536,0.123947961886575,-101.865836949169,0.51321770472843,39.0700000000006,0,"lognormal/lognormal",FALSE,"Free-margin fit","gamma",2.86297257919623,2.49148218023817,0.08186,20.1868734112242,3.51470054543692,0.123929460183251,-97.4802977582938,0.569461260011468,77.96,97.1999999999998,"lognormal/gamma",FALSE,4.38553919087562,0.766601943058174,1.99539288456613
169,"Lognormal fit","lognormal",NA,3.29317055754707,0.10362,19.9242248688058,3.36831714602303,0.121862182667649,-130.9264273074,0.487323256423959,34.9800000000005,0,"lognormal/lognormal",FALSE,"Free-margin fit","lognormal",NA,3.34287660857567,0.10392,19.9242248688058,3.36831714602303,0.121862182667649,-130.9264273074,0.487323256423959,0,262.179999999999,"lognormal/lognormal",TRUE,0,0.689179158494585,0
170,"Lognormal fit","lognormal",NA,3.01757658489341,0.09064,19.5499931704613,3.35994349893908,0.122266798115319,-134.716630933387,0.528870785978212,30.6599999999999,0,"lognormal/lognormal",FALSE,"Free-margin fit","gamma",2.66236405317018,2.46025624847386,0.07161,19.5241797118398,3.27596066619018,0.122365015596014,-132.391030539324,0.515277104742498,57.6499999999996,72.8999999999996,"lognormal/gamma",FALSE,2.32560039406263,0.73838662158318,1.88030006523157
171,"Lognormal fit","lognormal",NA,3.08039310977905,0.10348,19.8766301870909,3.57028712419717,0.116584986509063,-11.3269497163613,0.508404090413675,41.2600000000002,0,"lognormal/lognormal",FALSE,"Free-margin fit","lognormal",NA,3.18916490009551,0.10948,20.0361775440659,3.61835602275958,0.116319028693363,-12.0412466829371,0.534818472904698,61.52,355.13,"lognormal/lognormal",FALSE,-0.714296966575722,0.73790617161633,1.49103247697527
172,"Lognormal fit","lognormal",NA,3.39017776384399,0.11364,20.0294658247951,3.49657065515567,0.118185202049082,7.61152420139346,0.519768855461773,39.8299999999999,0,"lognormal/lognormal",FALSE,"Free-margin fit","lognormal",NA,3.37615242251304,0.11277,20.0294658247951,3.49657065515567,0.118185202049082,7.61152420139346,0.519768855461773,0,323.41,"lognormal/lognormal",TRUE,0,0.73506416469318,0
173,"Lognormal fit","lognormal",NA,3.24539994089888,0.10328,20.2061027228722,3.38677703012719,0.122423521617167,-116.064613844096,0.503921820671323,33.9699999999998,0,"lognormal/lognormal",FALSE,"Free-margin fit","gamma",2.37483117554566,2.88617863675694,0.11328,20.2842719267977,3.54025370303248,0.122419466730974,-112.605025627788,0.528776501136171,85.9200000000001,88.7199999999998,"lognormal/gamma",FALSE,3.45958821630715,0.730439449579849,2.52929055048574
174,"Lognormal fit","lognormal",NA,3.38314878319985,0.10936,20.0926857425303,3.46769711612729,0.123061020939869,-108.00507910452,0.506454531524368,39.4400000000001,0,"lognormal/lognormal",FALSE,"Free-margin fit","gamma",2.39286046203994,2.89080874454231,0.11373,20.0824481425942,3.5674340973852,0.122937521998595,-100.066371281547,0.526387211622582,72.6599999999999,345.45,"lognormal/gamma",FALSE,7.93870782297331,0.730465392103804,1.84229208924949
175,"Lognormal fit","lognormal",NA,2.81261282044925,0.07178,19.3880542687764,3.01514644106581,0.117223819971595,-202.323566371419,0.538293048983033,36.6899999999996,0,"lognormal/lognormal",FALSE,"Free-margin fit","gamma",2.03528891678634,2.76965455525431,0.08669,19.7922371440929,3.0353153036934,0.117299067790403,-198.146728568259,0.538994887771983,87.3100000000004,95.6599999999999,"lognormal/gamma",FALSE,4.17683780315997,0.761757767028196,2.37966748432819
176,"Lognormal fit","lognormal",NA,3.6181206872438,0.1286,19.8163131387563,3.66303342077634,0.118080011028013,57.7701540262884,0.532951563254334,37.7200000000003,0,"lognormal/lognormal",FALSE,"Free-margin fit","gamma",2.10954842161491,3.39939055335486,0.16272,19.8244733276939,3.83702844739713,0.11802143028253,61.6226717864772,0.576571215814234,78.6000000000004,87.1499999999996,"lognormal/gamma",FALSE,3.85251776018882,0.785157140756385,2.08377518557794
177,"Lognormal fit","lognormal",NA,2.92834209898306,0.09064,19.8982178474604,3.45348964598554,0.123532093643613,-127.217045536326,0.477689879606478,32.5099999999993,0,"lognormal/lognormal",FALSE,"Free-margin fit","gamma",3.03264259302296,2.39404906071348,0.07199,20.0870675369798,3.49672564664703,0.123494090381191,-121.772649788179,0.505305076161962,57.6800000000003,80.5799999999999,"lognormal/gamma",FALSE,5.44439574814635,0.69535662869746,1.77422331590285
178,"Lognormal fit","lognormal",NA,3.38156862447036,0.11603,19.9521468194446,3.59241292118217,0.118287011315681,11.6685915210608,0.521102939554842,25.6599999999999,0,"lognormal/lognormal",FALSE,"Free-margin fit","gamma",2.71518456950309,2.65080303480943,0.09667,20.5256679030099,3.57341239091154,0.118281003946669,14.7707668309997,0.558146183436842,57.4799999999996,76.5799999999999,"lognormal/gamma",FALSE,3.10217530993896,0.763593763527315,2.24006235385814
179,"Lognormal fit","lognormal",NA,3.32823703498607,0.10251,19.896799196518,3.31922610049208,0.119538993541256,-120.945194636046,0.505974374090107,25.6400000000003,0,"lognormal/lognormal",FALSE,"Free-margin fit","gamma",2.15669215500049,2.89929423551463,0.10548,19.9031704745945,3.33911832173022,0.11930076940827,-111.306506896701,0.517675003806152,33.9200000000001,52.5200000000004,"lognormal/gamma",FALSE,9.63868773934539,0.723876699999092,1.32293291731668
180,"Lognormal fit","lognormal",NA,3.23338450310252,0.09784,20.4108099121042,3.32909150959098,0.119479572600185,-145.935813855897,0.486063850148882,15.2299999999996,0,"lognormal/lognormal",FALSE,"Free-margin fit","gamma",2.3631182875024,2.79794011992138,0.10192,20.6531045247098,3.41741431394209,0.119593447358913,-140.582332835876,0.506595774137352,30.3900000000003,38.25,"lognormal/gamma",FALSE,5.35348102002109,0.702066481748971,1.99540380827322
181,"Lognormal fit","lognormal",NA,3.641241895917,0.13318,20.0847014618014,3.70538972077,0.118105787334937,49.8945700622753,0.537687486227938,43.6000000000004,0,"lognormal/lognormal",FALSE,"Free-margin fit","lognormal",NA,3.66459480631317,0.13327,20.0847014618014,3.70538972077,0.118105787334937,49.8945700622753,0.537687486227938,0,323.93,"lognormal/lognormal",TRUE,0,0.760404935341847,0
182,"Lognormal fit","lognormal",NA,3.05643056796687,0.0975,20.3819885230704,3.47416591009065,0.118463230718237,-47.7190159999297,0.505370209777629,36.71,0,"lognormal/lognormal",FALSE,"Free-margin fit","gamma",2.70226079972655,2.64246830886454,0.09404,20.2298099635489,3.54209867326201,0.118243388062771,-44.983872810412,0.52638286118353,80.3800000000001,106.51,"lognormal/gamma",FALSE,2.73514318951766,0.729710878004737,2.18959411604468
183,"Lognormal fit","lognormal",NA,3.35355637871215,0.11465,19.5516881655613,3.58410052297409,0.119465135693705,-25.9787588384963,0.52403518115741,38.4899999999998,0,"lognormal/lognormal",FALSE,"Free-margin fit","gamma",2.53568909612648,2.79748343763594,0.10887,19.513105764581,3.60863466944529,0.1194717199452,-21.219186363132,0.570936097829477,84.6100000000001,86.8600000000001,"lognormal/gamma",FALSE,4.7595724753643,0.774971547152171,2.19823330735258
184,"Lognormal fit","lognormal",NA,3.43191070715178,0.11364,19.8661975001559,3.48327110071495,0.120421599850575,-46.226170232778,0.511084990922684,31.4099999999999,0,"lognormal/lognormal",FALSE,"Free-margin fit","lognormal",NA,3.47199535749053,0.11278,19.8661975001559,3.48327110071495,0.120421599850575,-46.226170232778,0.511084990922684,0,348.5,"lognormal/lognormal",TRUE,0,0.72278332568819,0
185,"Lognormal fit","lognormal",NA,3.1728139771197,0.11537,19.8835096581753,3.76240257086145,0.122511465292599,28.1682185836926,0.510775070992557,37.2700000000004,0,"lognormal/lognormal",FALSE,"Free-margin fit","gamma",2.84043620940941,2.74054731317442,0.11228,19.9818411145301,3.82935465428465,0.12263220875695,32.0691324775096,0.598672769436291,76.71,89.8800000000001,"lognormal/gamma",FALSE,3.90091389381707,0.786956325352284,2.05822377247113
186,"Lognormal fit","lognormal",NA,3.26419313887362,0.10314,20.2178291205574,3.35930420585873,0.117326449189472,-108.30312452569,0.500891280729271,32.1400000000003,0,"lognormal/lognormal",FALSE,"Free-margin fit","gamma",2.58561772463257,2.57298137203285,0.0826,20.5625077580041,3.35666103223732,0.117444663428709,-101.526262893762,0.508678904317873,82,102.5,"lognormal/gamma",FALSE,6.77686163192722,0.713895162337329,2.5513378967019
187,"Lognormal fit","lognormal",NA,3.54108066034409,0.12848,20.0680342425826,3.71813762005748,0.116502369270631,67.2859887003007,0.5164557897335,37.96,0,"lognormal/lognormal",FALSE,"Free-margin fit","gamma",2.39532202246936,3.15474412827455,0.14922,20.3669249352117,3.89585446335974,0.116561330085457,69.9761025058944,0.556084941818945,78.1899999999996,90.3900000000003,"lognormal/gamma",FALSE,2.69011380559374,0.758918338997703,2.05979978925183
188,"Lognormal fit","lognormal",NA,3.54029664662565,0.12223,20.6019608368419,3.58318801243764,0.118483774485837,-7.84959680192657,0.506153105287715,34.8500000000004,0,"lognormal/lognormal",FALSE,"Free-margin fit","lognormal",NA,3.52318295394262,0.12157,20.6019608368419,3.58318801243764,0.118483774485837,-7.84959680192657,0.506153105287715,0,255.22,"lognormal/lognormal",TRUE,0,0.715808586135143,0
189,"Lognormal fit","lognormal",NA,3.45834571857544,0.12553,20.2268235272706,3.75951501289729,0.123705240088731,31.6932685576514,0.551828731696441,30.3499999999995,0,"lognormal/lognormal",FALSE,"Free-margin fit","gamma",2.84664464189542,2.63091284233342,0.09762,20.5428405616665,3.6708159850173,0.123448142521691,37.6484874296347,0.560657878536528,57.2199999999993,66.7699999999995,"lognormal/gamma",FALSE,5.95521887198339,0.786671599773872,1.8853377265239
190,"Lognormal fit","lognormal",NA,3.26478703196648,0.10279,20.424027656714,3.40260558559674,0.120729308365128,-130.846010531773,0.496369473766238,20.6999999999998,0,"lognormal/lognormal",FALSE,"Free-margin fit","gamma",2.47848908210117,2.69441198444249,0.09553,20.4198644589887,3.44062115234051,0.120706235057817,-121.758713714857,0.493691592382579,33.75,46.4699999999993,"lognormal/gamma",FALSE,9.08729681691587,0.700081454458135,1.63043478260871
191,"Lognormal fit","lognormal",NA,3.26810350157028,0.10223,19.8510123515479,3.39505639278682,0.121190024324341,-93.4437555827739,0.517677692039764,39.25,0,"lognormal/lognormal",FALSE,"Free-margin fit","gamma",2.50495612658846,2.68184149996339,0.09264,20.0015588199797,3.4488456304803,0.121114756635181,-88.9624345167771,0.672484743335059,79.8099999999999,96.1900000000001,"lognormal/gamma",FALSE,4.48132106599682,0.848661253300772,2.03337579617834
192,"Lognormal fit","lognormal",NA,3.36684791939786,0.10841,20.4325354701757,3.42302287613439,0.115014866222093,-29.8888572932697,0.502906471293637,33.4299999999998,0,"lognormal/lognormal",FALSE,"Free-margin fit","lognormal",NA,3.40314353824687,0.10932,20.4325354701757,3.42302287613439,0.115014866222093,-29.8888572932697,0.502906471293637,0,350.51,"lognormal/lognormal",TRUE,0,0.711217152308656,0
193,"Lognormal fit","lognormal",NA,3.07094563207838,0.10847,20.0563148976293,3.70825732355107,0.12083481515016,0.00576969439955777,0.508585667146564,37.4400000000001,0,"lognormal/lognormal",FALSE,"Free-margin fit","gamma",3.35018096875521,2.32658386564826,0.07122,20.1609577221138,3.63843527682373,0.121043502945438,7.41268200243935,0.525339344212998,66.8400000000001,96.1799999999998,"lognormal/gamma",FALSE,7.40691230803979,0.731191361686569,1.78525641025641
194,"Lognormal fit","lognormal",NA,3.33089188083283,0.10487,19.860556527392,3.39616891065523,0.122564910492481,-117.367770612314,0.49956628187961,37.8400000000001,0,"lognormal/lognormal",FALSE,"Free-margin fit","gamma",2.41026747725446,2.85861449044722,0.11156,20.0698151284585,3.55730606505498,0.122543813280489,-114.425972154934,0.502443329654095,83.3199999999997,100.93,"lognormal/gamma",FALSE,2.94179845737989,0.708530711758432,2.20190274841436
195,"Lognormal fit","lognormal",NA,3.47732433497984,0.11664,20.2998228871015,3.49068107539383,0.121433244578245,-43.5627072267328,0.526319535588841,39.5,0,"lognormal/lognormal",FALSE,"Free-margin fit","gamma",2.22081254729175,3.07537483274999,0.12896,20.4558810910307,3.59368496421001,0.121439270169425,-40.0585637382754,0.545436779723998,81.0600000000004,92.1799999999994,"lognormal/gamma",FALSE,3.50414348845736,0.757966710494688,2.05215189873419
196,"Lognormal fit","lognormal",NA,3.68812923091858,0.13183,20.1001100559476,3.66624233388986,0.121988504448874,73.6812090446875,0.544649191051422,33.0699999999997,0,"lognormal/lognormal",FALSE,"Free-margin fit","gamma",2.36388702606534,2.93123121640778,0.11952,20.1336209347494,3.59746921041762,0.121762080110533,81.2318485936652,0.575523094297836,83.96,86.7699999999995,"lognormal/gamma",FALSE,7.5506395489777,0.792382214201659,2.53885697006353
197,"Lognormal fit","lognormal",NA,3.30247785797988,0.10273,19.9194262781396,3.35580138221624,0.121001360241255,-119.550804415959,0.525353470994195,37.6400000000003,0,"lognormal/lognormal",FALSE,"Free-margin fit","gamma",2.02936468954216,3.24938658227452,0.13964,20.0891680393244,3.55091580481578,0.121158728907949,-117.076018555833,0.654662250603825,83.5100000000002,100.05,"lognormal/gamma",FALSE,2.47478586012603,0.839392001302916,2.21865037194473
198,"Lognormal fit","lognormal",NA,3.01607174215988,0.08856,19.7962481892526,3.28689766245314,0.125551841110815,-144.293859049401,0.526507298256352,36.2399999999998,0,"lognormal/lognormal",FALSE,"Free-margin fit","gamma",2.09339125715679,2.97533804574802,0.1126,19.8932541271133,3.31897600934305,0.125475349075487,-134.616056134135,0.553582544650425,70.96,85.1600000000008,"lognormal/gamma",FALSE,9.677802915266,0.763978775136354,1.9580573951435
199,"Lognormal fit","lognormal",NA,3.11946295659849,0.09761,20.4890920100674,3.3865968114258,0.121417708608003,-49.8634576026474,0.512399929903837,28.71,0,"lognormal/lognormal",FALSE,"Free-margin fit","gamma",1.97331275657445,3.19729864876245,0.13098,20.6966078765137,3.42073845211111,0.121229044687725,-35.990435492593,0.590099274839244,62.2599999999993,65.3099999999995,"lognormal/gamma",FALSE,13.8730221100544,0.781518293024071,2.1685823754789
200,"Lognormal fit","lognormal",NA,2.95781413017465,0.07601,19.590330705625,3.0021161730733,0.115564758689651,-259.253319158629,0.458648273350264,28.5300000000007,0,"lognormal/lognormal",FALSE,"Free-margin fit","gamma",2.44239638528625,2.45927066558116,0.06624,20.0999328821803,3.08525901800687,0.115823251148491,-257.563681539095,0.507316668921724,48.8199999999997,71.7700000000004,"lognormal/gamma",FALSE,1.68963761953461,0.683906748916116,1.71118121275845
