"arm","probability","CRP","lower_50","median_50","upper_50","lower_all","median_all","upper_all","change_lower","change_median","change_upper"
"flexible",0.01,2.97109480506532,1.78896259603033,1.96040430586149,2.07921847090942,1.80606425075835,1.96249003148274,2.0709365255232,0.0171016547280149,0.00208572562125453,-0.00828194538622284
"flexible",0.0162201257861635,3.83822167055874,1.86435334796497,2.02784777283498,2.14294130633164,1.88175813898849,2.03095740409717,2.13718462676108,0.0174047910235173,0.00310963126219654,-0.00575667957056503
"flexible",0.022440251572327,4.56890077558951,1.91985786271916,2.07810631090976,2.18971107320821,1.93745299129384,2.0805305963485,2.18526834842864,0.0175951285746818,0.00242428543873796,-0.00444272477957375
"flexible",0.0286603773584906,5.21846951654933,1.96475210491759,2.1207096401909,2.22728499175831,1.98248223539031,2.12087685896426,2.22391037131139,0.0177301304727224,0.000167218773359235,-0.00337462044692227
"flexible",0.0348805031446541,5.81293976892968,2.00295395441709,2.15585001117466,2.25908336376403,2.02078579257059,2.15585001117466,2.25662112358238,0.017831838153493,0,-0.00246224018165231
"flexible",0.0411006289308176,6.36700790199195,2.03651260968645,2.18530988046833,2.28689064315056,2.05442392735499,2.18530988046833,2.28523021616518,0.0179113176685348,0,-0.00166042698537794
"flexible",0.0473207547169811,6.88993774208713,2.06664374451307,2.21168358433022,2.31223876019127,2.08461865384567,2.21205266682303,2.31092562730805,0.0179749093325983,0.000369082492803763,-0.00131313288321966
"flexible",0.0535408805031447,7.38801395382243,2.09413178531172,2.2356811201209,2.33597324286906,2.11215836604033,2.23651451961617,2.33363090593622,0.0180265807286126,0.000833399495265397,-0.00234233693284702
"flexible",0.0597610062893082,7.86573228636115,2.11951440102081,2.25778830429252,2.35801490642065,2.13758337815564,2.25909810429483,2.35434938515213,0.0180689771348317,0.00130980000231329,-0.00366552126852238
"flexible",0.0659811320754717,8.32644070102006,2.14317732515835,2.27835313980268,2.37851056734613,2.15970924131545,2.28080192349348,2.37360517833229,0.016531916157104,0.00244878369079915,-0.00490538901384063
"flexible",0.0722012578616352,8.77271244854428,2.16540735533891,2.29763401649887,2.39754968547888,2.18042143230243,2.30020530869933,2.39242495171781,0.0150140769635212,0.00257129220045815,-0.00512473376107447
"flexible",0.0784213836477987,9.20657650106066,2.18642395316633,2.31582841073934,2.41431936254631,2.19998818191804,2.31812398195833,2.41043778405474,0.0135642287517039,0.00229557121898427,-0.00388157849157267
"flexible",0.0846415094339623,9.62966680479462,2.20639907877688,2.33309087754214,2.43052130913866,2.21857206410715,2.3344330418267,2.42759064664833,0.012172985330273,0.0013421642845568,-0.00293066249032137
"flexible",0.0908616352201258,10.0433227790829,2.22547017381764,2.350354741125,2.44603410436289,2.2363029613865,2.34996814092326,2.44395375180563,0.0108327875688641,-0.000386600201742748,-0.0020803525572668
"flexible",0.0970817610062893,10.4486592120205,2.24374896156873,2.36735910698517,2.46153500393151,2.25328640879286,2.36572167937752,2.45897239442201,0.00953744722412608,-0.00163742760764451,-0.0025626095095026
"flexible",0.103301886792453,10.8466162218279,2.26132759063919,2.38369560409485,2.47685468096464,2.26960941686314,2.38158630448282,2.47296639153678,0.00828182622394369,-0.00210929961203021,-0.00388828942785491
"flexible",0.109522012578616,11.2379958186225,2.27828303411547,2.39943773210289,2.49160742109679,2.28534463964159,2.39642448445511,2.48643590365134,0.00706160552612278,-0.00301324764777711,-0.00517151744545741
"flexible",0.11574213836478,11.6234892118866,2.29468030948479,2.41464753799395,2.50585244611523,2.30055342439715,2.41010564089321,2.49943575300814,0.00587311491235587,-0.00454189710074093,-0.00641669310708881
"flexible",0.121962264150943,12.0036975740855,2.31057488120338,2.42937792201114,2.51964022796566,2.3161996491595,2.42331560821384,2.51201264815026,0.00562476795611744,-0.00606231379729438,-0.00762757981540485
"flexible",0.128182389937107,12.379148080214,2.32601448410549,2.44367438686344,2.53301416428179,2.33163458670715,2.43612880456635,2.52420673923582,0.00562010260165957,-0.00754558229708691,-0.00880742504597087
"flexible",0.13440251572327,12.7503064738463,2.34104052834512,2.45757638487187,2.54601186837596,2.34665572328125,2.44953152264274,2.53656819913122,0.00561519493612739,-0.00804486222912981,-0.00944366924474238
"flexible",0.140622641509434,13.1175870370777,2.35568919666786,2.47111836963996,2.55866617598413,2.36129926139832,2.46316890860015,2.54955879000323,0.00561006473046088,-0.00794946103981076,-0.00910738598090166
"flexible",0.146842767295598,13.4813605914103,2.36999231191269,2.48423711454627,2.57100594063239,2.37559704076762,2.4769068504241,2.5622286446873,0.00560472885493102,-0.00733026412216775,-0.00877729594508825
"flexible",0.153062893081761,13.8419609852458,2.38397803048277,2.49590039297927,2.58307580201914,2.38957723226312,2.48888518627262,2.57460325264121,0.00559920178034634,-0.00701520670665579,-0.00847254937792385
"flexible",0.159283018867925,14.1996904041332,2.39767140230571,2.50730642722949,2.59494007700782,2.4032648982818,2.50088137985636,2.58670578425763,0.00559349597609238,-0.00642504737312377,-0.00823429275018928
"flexible",0.165503144654088,14.5548237551595,2.41109482716774,2.51847478384685,2.60655715530126,2.41638128996469,2.51287344922409,2.5985569421207,0.00528646279695888,-0.00560133462276013,-0.00800021318055988
"flexible",0.171723270440252,14.9076123158613,2.4242684297543,2.52979596424188,2.61794530479352,2.42922308534157,2.52463231083553,2.61017531114693,0.00495465558726682,-0.00516365340634284,-0.00776999364658604
"flexible",0.177943396226415,15.2582867934812,2.43721037028842,2.54112944913487,2.6291209959147,2.44183704994879,2.53617477933108,2.62157764844645,0.00462667966036756,-0.00495466980379344,-0.00754334746824625
"flexible",0.184163522012579,15.607059907462,2.44993710368528,2.55226516077458,2.63990511721269,2.4541187118191,2.54751608018581,2.6327791250197,0.00418160813381707,-0.00474908058877599,-0.0071259921929836
"flexible",0.190383647798742,15.9541285834256,2.46246359720504,2.56370263880222,2.65041944518594,2.4659102776122,2.55870010604909,2.64379352864623,0.00344668040716334,-0.00500253275313334,-0.00662591653970512
"flexible",0.196603773584906,16.2996758282494,2.47459357416365,2.57425420266461,2.66079366275065,2.4775225013605,2.56894182701649,2.65463343526054,0.00292892719685245,-0.00531237564812681,-0.00616022749011025
"flexible",0.202823899371069,16.6438723416131,2.48637942851754,2.58462771734529,2.67106623140313,2.4889673434119,2.57928477821209,2.66531035455335,0.00258791489435861,-0.00534293913319228,-0.00575587684977208
"flexible",0.209044025157233,16.98687790841,2.49800651170042,2.59507678763129,2.68119094619762,2.50025579198844,2.58952863279382,2.67583485434934,0.00224928028801408,-0.00554815483747051,-0.00535609184828223
"flexible",0.215264150943396,17.3288426078768,2.50948515212004,2.60524952999454,2.69117722580823,2.5113979733065,2.59963440138409,2.6862166673983,0.00191282118645741,-0.00561512861044733,-0.00496055840993082
"flexible",0.22148427672956,17.6699078685955,2.52082489788,2.61520948395991,2.70103376886381,2.52240324661142,2.60991205797991,2.69646478350785,0.00157834873142182,-0.00529742598000027,-0.0045689853559514
"flexible",0.227704402515723,18.0102073932303,2.53203460058905,2.62456162163773,2.71076863134597,2.5332802865653,2.62019063953142,2.70658752939019,0.00124568597624908,-0.00437098210631692,-0.00418110195578825
"flexible",0.233924528301887,18.3498679726463,2.54312248833674,2.63392453710328,2.72038929394953,2.54403715497764,2.62965135006541,2.71659263815816,0.000914666640903228,-0.00427318703786961,-0.00379665579136557
"flexible",0.24014465408805,18.689010205683,2.55409622949449,2.64345419667599,2.72990272094515,2.55468136351156,2.63886788777981,2.7264873100584,0.000585134017071276,-0.00458630889617639,-0.0034154108867499
"flexible",0.246364779874214,19.0277491381328,2.56496298871162,2.65294736200198,2.73931541181522,2.56521992871303,2.64798685869113,2.73627826575135,0.00025694000141474,-0.00496050331084685,-0.00303714606386762
"flexible",0.252584905660377,19.3661948322651,2.57572947624266,2.66222030697177,2.74863344671663,2.57565942048136,2.65768402269575,2.74597179322508,-7.00557613058095e-05,-0.00453628427601549,-0.00266165349154646
"flexible",0.258805031446541,19.7044528764376,2.58640199155356,2.67146848367875,2.75786252664917,2.58600600491303,2.66750618529049,2.75557378924855,-0.000395986640525425,-0.0039622983882639,-0.00228873740062152
"flexible",0.265025157232704,20.0426248428563,2.59698646200092,2.68101958219301,2.76700800906565,2.5962654823004,2.67649249809547,2.7650897961235,-0.000720979700516544,-0.00452708409753555,-0.00191821294214556
"flexible",0.271245283018868,20.3808087003316,2.60748847725279,2.6912080113489,2.77616438976551,2.60641774491275,2.68540239138365,2.7745250343734,-0.00107073234004007,-0.00580561996525608,-0.00163935539210458
"flexible",0.277465408805031,20.7190991878655,2.61791332001611,2.70131860443642,2.78554149053934,2.61644772718955,2.6942405222336,2.78388443190937,-0.00146559282655989,-0.00707808220282136,-0.00165705862996601
"flexible",0.283685534591195,21.0575881540717,2.6282659935507,2.71060524301806,2.7948476375625,2.62640631859923,2.70301129572001,2.79317265013112,-0.00185967495147432,-0.00759394729804663,-0.00167498743137484
"flexible",0.289905660377358,21.3963648667245,2.63791978505389,2.71943505576565,2.80408724930645,2.63575278215786,2.71171888706166,2.80239410735327,-0.00216700289602301,-0.0077161687039875,-0.00169314195317583
"flexible",0.296125786163522,21.7355162961495,2.64728310118909,2.72820454504847,2.8132645225378,2.64484032075094,2.72032573503744,2.81155299989093,-0.00244278043815394,-0.00787881001102653,-0.00171152264686292
"flexible",0.302345911949686,22.075127375673,2.65658985395233,2.73691754429008,2.82238345133391,2.65387141266077,2.72857422823456,2.82065332109114,-0.00271844129155951,-0.00834331605552219,-0.00173013024276614
"flexible",0.308566037735849,22.4152812419291,2.66584386626217,2.74557770824632,2.83144784429344,2.66284980027275,2.73702825138474,2.82969887855706,-0.00299406598942387,-0.00854945686157871,-0.00174896573637806
"flexible",0.314786163522013,22.7560594574723,2.6750487931478,2.75418852802918,2.84046134015491,2.67177906024148,2.74591920856065,2.83869330977833,-0.00326973290631916,-0.00826931946853193,-0.00176803037657436
"flexible",0.321006289308176,23.0975422178409,2.68420813588466,2.76275334477585,2.84942742200835,2.68066261739563,2.75476406641729,2.8476400963528,-0.00354551848902229,-0.00798927835856267,-0.00178732565555784
"flexible",0.32722641509434,23.4398085449614,2.69308174163133,2.77127536211772,2.85834943026071,2.68950375742623,2.76287185436023,2.85654257696042,-0.00357798420509781,-0.00840350775748577,-0.00180685330028574
"flexible",0.333446540880503,23.7829364685661,2.70181440238861,2.77975765758448,2.86723057449548,2.6983056384954,2.77092100526229,2.86540395923016,-0.00350876389321098,-0.00883665232219411,-0.00182661526531591
"flexible",0.339666666666667,24.1270031971094,2.710511397198,2.78820319306183,2.87607394434953,2.70707130188575,2.77893443034795,2.87422733062269,-0.00344009531224687,-0.00926876271387744,-0.00184661372683337
"flexible",0.34588679245283,24.4720852795073,2.71917563276743,2.79661482440634,2.88488251951496,2.71580368179576,2.78763745274923,2.88301566843707,-0.00337195097167076,-0.00897737165710755,-0.00186685107788742
"flexible",0.352106918238994,24.8182587588886,2.72780991891118,2.80499531030933,2.89365917896108,2.72450561437398,2.79645160104066,2.89177184903649,-0.00330430453719677,-0.00854370926866332,-0.00188732992459428
"flexible",0.358327044025157,25.1655993194285,2.73641697681847,2.81383979624651,2.90240670946046,2.73317984607429,2.80523798285253,2.90049865637712,-0.00323713074417586,-0.00860181339398292,-0.00190805308333264
"flexible",0.364547169811321,25.514182427233,2.74499944672251,2.82281961116372,2.91112781349348,2.74182904140468,2.81387369639481,2.90918814351832,-0.00317040531783075,-0.00894591476891371,-0.00193966997515904
"flexible",0.370767295597484,25.8640834661573,2.75355989503405,2.83177644728105,2.91982511659749,2.7500692528088,2.82228624657908,2.91814983621098,-0.0034906422252452,-0.00949020070197104,-0.00167528038650477
"flexible",0.376987421383648,26.2153778693679,2.76210082099622,2.84071291945256,2.92850117421946,2.75796771158367,2.83067845058676,2.92715935346808,-0.00413310941255274,-0.0100344688658027,-0.00134182075137401
"flexible",0.383207547169811,26.5681412473922,2.77062466291199,2.8496315788434,2.93715847812491,2.76579635839286,2.83905271579797,2.93615044981743,-0.00482830451912486,-0.0105788630454313,-0.0010080283074787
"flexible",0.389427672955975,26.9224495133498,2.77913380398962,2.8585349190441,2.94579946241035,2.77360927337321,2.84741139406893,2.94512564378388,-0.00552453061641245,-0.0111235249751678,-0.000673818626465206
"flexible",0.395647798742138,27.2783790060108,2.78763057784771,2.86742538182894,2.95442650916183,2.78145045411384,2.85575678719387,2.95408740110397,-0.00618012373387034,-0.0116685946350725,-0.000339108057859416
"flexible",0.401867924528302,27.6360066112917,2.79611727371685,2.87630536259712,2.96304195379808,2.79079942071199,2.86431835747996,2.96303814023191,-0.00531785300485854,-0.0119870051171516,-3.81356616419026e-06
"flexible",0.408088050314465,27.9954098827662,2.80459614137176,2.88517721553232,2.9723788144709,2.80014226977654,2.87251658453874,2.97204666704461,-0.00445387159522204,-0.0126606309935831,-0.000332147426284735
"flexible",0.414308176100629,28.3566671617459,2.81306939582483,2.89415825245687,2.98171866101132,2.80932234239349,2.88112775474693,2.98104980381974,-0.00374705343133463,-0.0130304977099316,-0.000668857191574723
"flexible",0.420528301886792,28.719857697464,2.82153922180904,2.90342719675529,2.99105550905234,2.81767687470805,2.88982751494623,2.98968965242378,-0.0038623471009922,-0.0135996818090645,-0.00136585662856348
"flexible",0.426748427672956,29.0850617678832,2.83095086794583,2.9123348511202,3.00039173624934,2.82555710614968,2.89818113995254,2.9981713177473,-0.00539376179615081,-0.0141537111676611,-0.0022204185020418
"flexible",0.432968553459119,29.452360801637,2.84062502126109,2.92124373550699,3.00972969698034,2.83343631852876,2.90647472900453,3.00665199708303,-0.00718870273232897,-0.0147690065024633,-0.00307769989730211
"flexible",0.439188679245283,29.8218375016123,2.85030655633035,2.93015607973721,3.01907172674226,2.84131648875758,2.91477001826965,3.01513381799072,-0.00899006757277254,-0.0153860614675523,-0.0039379087515381
"flexible",0.445408805031447,30.1935759706762,2.85999787507954,2.93907409925908,3.02842014642038,2.84919957891854,2.92281321656112,3.02361889217921,-0.0107982961609929,-0.0162608826979564,-0.00480125424117261
"flexible",0.45162893081761,30.5676618400565,2.86969505205076,2.94799999912752,3.03777726645252,2.85708753981132,2.9309274679443,3.03210931932293,-0.0126075122394331,-0.0170725311832189,-0.00566794712959684
"flexible",0.457849056603774,30.944182400893,2.87937518203399,2.95626044646826,3.04714539090829,2.86498231442003,2.93895922929382,3.04060719079259,-0.0143928676139642,-0.0173012171744347,-0.00653820011569906
"flexible",0.464069182389937,31.323226739485,2.88813121567767,2.96435213869481,3.05652682150283,2.87285704645908,2.94699973182754,3.0491145933181,-0.0152741692185954,-0.0173524068672726,-0.00741222818472753
"flexible",0.470289308176101,31.7048858767809,2.89652883866867,2.97245422329375,3.06589728050717,2.88071196704193,2.95596806114832,3.05763361260089,-0.0158168716267402,-0.0164861621454309,-0.00826366790628352
"flexible",0.476509433962264,32.0892529126728,2.90494101025627,2.98056868518876,3.07447673315615,2.88857958576769,2.96581614743624,3.06616633689212,-0.0163614244885841,-0.0147525377525151,-0.00831039626403118
"flexible",0.482729559748428,32.4764231756826,2.9133697972621,2.98869751447669,3.08307218867652,2.89646183351725,2.9751775571409,3.07471486055321,-0.0169079637448464,-0.0135199573357907,-0.00835732812331802
"flexible",0.488949685534591,32.8664943786587,2.92181727705611,2.9968427098102,3.09168576266358,2.90436065014215,2.98417291423148,3.08328128761426,-0.01745662691396,-0.0126697955787196,-0.00840447504932795
"flexible",0.495169811320755,33.2595667811319,2.93028554108281,3.00500628179148,3.10031958414019,2.91227798775796,2.99257383833162,3.09186773534639,-0.0180075533248507,-0.0124324434598568,-0.00845184879380767
"flexible",0.501389937106918,33.6557433590205,2.93877669841969,3.01319025639204,3.10897579917849,2.92021581406505,3.00099705311019,3.10047633786356,-0.0185608843546436,-0.012193203281849,-0.00849946131492318
"flexible",0.507610062893082,34.0551299824184,2.94729287938375,3.02139667841362,3.11765657456755,2.92817611571138,3.00944466953466,3.10910924976981,-0.0191167636723693,-0.0119520088789598,-0.00854732479774079
"flexible",0.513830188679245,34.45783560225,2.95583623920183,3.02982620534091,3.12636410154328,2.93616090171212,3.01791882285749,3.11776864986789,-0.0196753374897161,-0.0119073824834226,-0.00859545167539633
"flexible",0.520050314465409,34.8639724466324,2.96440896176131,3.0388501836357,3.13510059959702,2.94417220694133,3.0264216763299,3.12645674494596,-0.0202367548199867,-0.0124285073058017,-0.00864385465106032
"flexible",0.526270440251572,35.2736562278499,2.97301326345777,3.04832233650328,3.14386832038003,2.9518202538208,3.03495542501049,3.13517577365922,-0.0211930096369763,-0.0133669114927923,-0.00869254672080366
"flexible",0.532490566037736,35.6870063609185,2.98165139715737,3.05785223102807,3.15266955172156,2.95915358549303,3.04352229968612,3.14392801052411,-0.0224978116643411,-0.0143299313419494,-0.00874154119745452
"flexible",0.538710691823899,36.1041461947953,2.99032565629217,3.06638621833694,3.16150662177927,2.96651473939806,3.05212457092323,3.15271577004369,-0.0238109168941083,-0.0142616474137127,-0.00879085173557348
"flexible",0.544930817610063,36.5252032573823,2.9990383791079,3.07547755676374,3.17038190334132,2.97390567246892,3.06095835322985,3.16154141098366,-0.0251327066389826,-0.0145192035338919,-0.00884049235766105
"flexible",0.551150943396227,36.9503095155721,3.00779195308453,3.08424859036698,3.17938915674176,2.98132838032654,3.07022532763283,3.17060016641618,-0.0264635727579945,-0.0140232627341521,-0.00878899032557978
"flexible",0.55737106918239,37.3796016516968,3.01658881955176,3.09338046763794,3.18868279138692,2.98878490110126,3.07961798151775,3.18021524616948,-0.0278039184504966,-0.0137624861201902,-0.00846754521743875
"flexible",0.563591194968553,37.8132213578676,3.02543147852263,3.10263350999377,3.19802478345602,2.99627731942781,3.08900693155087,3.18988132428953,-0.029154159094829,-0.0136265784428971,-0.0081434591664844
"flexible",0.569811320754717,38.2513156498348,3.03432249377084,3.11193781318912,3.20741784170256,3.00380777063467,3.09818517376602,3.19960121666408,-0.0305147231361751,-0.0137526394231005,-0.0078166250384788
"flexible",0.576031446540881,38.6940372021563,3.04326449817871,3.12129614223726,3.21686474787788,3.01137844515014,3.10712411887334,3.20937781587861,-0.0318860530285701,-0.0141720233639187,-0.00748693199926898
"flexible",0.582251572327044,39.14154470664,3.05226019938575,3.13071134120527,3.22636836269906,3.01899159314929,3.11611643101428,3.21921409744014,-0.0332686062364651,-0.0145949101909828,-0.00715426525891294
"flexible",0.588471698113208,39.5940032562249,3.06131238576991,3.14018633951006,3.23596690513274,3.02664952946814,3.12497959038615,3.22918759151683,-0.0346628563017708,-0.0152067491239123,-0.00677931361590822
"flexible",0.594691823899371,40.0515847566925,3.07042393279697,3.14943152981464,3.24575086548901,3.03435463881405,3.1336958370767,3.23948608119665,-0.0360692939829166,-0.0157356927379428,-0.00626478429236021
"flexible",0.600911949685535,40.5144683688495,3.07959780977659,3.15930238075874,3.25560231766306,3.04210938130352,3.14247003205136,3.24985725404595,-0.0374884284730772,-0.0168323487073789,-0.0057450636171068
"flexible",0.607132075471698,40.982840984109,3.08883708706782,3.16924578354446,3.26552457001585,3.0499162983623,3.15123355222123,3.26037428524813,-0.0389207887055205,-0.0180122313232269,-0.00515028476771695
"flexible",0.613352201257862,41.4568977367191,3.09814494378076,3.17926520306251,3.27552104852707,3.05777801902593,3.15982106892427,3.27113270764462,-0.0403669247548302,-0.0194441341382428,-0.00438834088244544
"flexible",0.619572327044025,41.9368425562488,3.10752467602654,3.18936423340462,3.28559530570162,3.06569726668277,3.16867932570082,3.28240600234103,-0.0418274093437701,-0.0206849077038003,-0.00318930336058099
"flexible",0.625792452830189,42.422888764355,3.11697970577303,3.19893664286914,3.29586072507488,3.07367686630645,3.17746445282834,3.29366967172883,-0.0433028394665795,-0.0214721900408059,-0.00219105334605274
"flexible",0.632012578616352,42.9152597203184,3.12651359037025,3.20767785337057,3.30722558432223,3.08171975222946,3.18677812594094,3.30406476295467,-0.0447938381407864,-0.0208997274296312,-0.00316082136756712
"flexible",0.638232704402516,43.4141895203672,3.13613003281698,3.21649207664106,3.31869332859076,3.08982897651597,3.19592126623143,3.31455090540781,-0.0463010563010076,-0.0205708104096267,-0.00414242318295299
"flexible",0.644452830188679,43.9199237564116,3.14583289284794,3.2253827886751,3.33026866883817,3.09800771799814,3.20613503227168,3.32513233299935,-0.0478251748497938,-0.0192477564034177,-0.00513633583881967
"flexible",0.650672955974843,44.4327203405001,3.15562619893088,3.23435361545774,3.34217625446877,3.10625929204843,3.21641711197108,3.33586229420621,-0.0493669068824465,-0.0179365034866588,-0.00631396026256104
"flexible",0.656893081761006,44.9528504020976,3.16551416127357,3.24340834457825,3.35428726015291,3.11458716116878,3.22669377442103,3.3467156376616,-0.0509270001047852,-0.0167145701572169,-0.00757162249131227
"flexible",0.66311320754717,45.4805992661867,3.17550118595325,3.25255093784137,3.36652538652141,3.1234317079143,3.23770769279782,3.35767904620031,-0.0520694780389501,-0.0148432450435578,-0.00884634032110521
"flexible",0.669333333333333,46.0162675212326,3.18558885113985,3.26213915600679,3.37889645461235,3.13272636198976,3.24883944983161,3.368757626103,-0.0528624891500971,-0.0132997061751841,-0.0101388285093553
"flexible",0.675553459119497,46.5601721872471,3.19552557240387,3.2719106336379,3.3914065770727,3.14211947479721,3.25908030813123,3.37995673676973,-0.0534060976066622,-0.012830325506668,-0.0114498403029692
"flexible",0.68177358490566,47.1126479955644,3.20557214337795,3.28178913490735,3.40406218153587,3.15161569231482,3.26953837820109,3.39128201105046,-0.0539564510631299,-0.0122507567062566,-0.0127801704854069
"flexible",0.687993710691824,47.6740487935412,3.21573375825192,3.29177973648422,3.41687003622936,3.16121990255111,3.28011703963777,3.40273937750817,-0.0545138557008111,-0.0116626968464546,-0.0141306587211978
"flexible",0.694213836477988,48.2447490892452,3.2260158902284,3.3027774240891,3.42983727808222,3.17093725556086,3.29107601070764,3.41433508484821,-0.0550786346675385,-0.0117014133814575,-0.0155021932340116
"flexible",0.700433962264151,48.8251457533543,3.23642431494545,3.31477095886388,3.44297144364022,3.18077318544951,3.3022231002962,3.42607572878067,-0.0556511294959368,-0.0125478585676722,-0.0168957148595528
"flexible",0.706654088050314,49.4156598980085,3.24696513628297,3.326922390914,3.4562805031418,3.19073343461559,3.3135138148135,3.43796828162116,-0.0562317016673846,-0.0134085761005052,-0.0183122215206328
"flexible",0.712874213836478,50.0167389553037,3.257644814858,3.33923936180086,3.46977289815961,3.20082408051761,3.32495513997358,3.4500201249808,-0.056820734340389,-0.014284221827277,-0.0197527731788103
"flexible",0.719094339622642,50.6288589815856,3.26815815562625,3.35050374398646,3.48345758327473,3.2110313987766,3.33655448263958,3.46223908594931,-0.0571267568496556,-0.013949261346875,-0.0212184973254192
"flexible",0.725314465408805,51.252527217782,3.27906661238653,3.36165780478858,3.49734407232246,3.22129861798346,3.34839326996948,3.47463347723793,-0.057767994403072,-0.0132645348191001,-0.0227105950845314
"flexible",0.731534591194969,51.8882849408456,3.29065235119076,3.37330110483129,3.51144248983478,3.23171495186754,3.36027443829528,3.48721214182264,-0.0589373993232276,-0.0130266665360064,-0.0242303480121362
"flexible",0.737754716981132,52.5367106471122,3.30241574231325,3.38512226942762,3.52576362840596,3.24228805775764,3.37127638439539,3.49998450271641,-0.06012768455561,-0.0138458850322269,-0.025779125689557
"flexible",0.743974842767296,53.1984236152126,3.31436601563315,3.39713054637011,3.54031901282916,3.25302610691968,3.38265335979519,3.51296061860348,-0.0613399087134723,-0.0144771865749238,-0.0273583942256734
"flexible",0.750194968553459,53.8740879043488,3.32641873645795,3.40933582411204,3.55512097199628,3.2639378349286,3.39421464277496,3.52642933591548,-0.0624809015293404,-0.0151211813370762,-0.028691636080806
"flexible",0.756415094339623,54.5644168535636,3.33860925638443,3.4217486960687,3.57018271972782,3.27503259827286,3.40634539256953,3.54057865212526,-0.063576658111574,-0.0154033034991663,-0.0296040676025591
"flexible",0.762635220125786,55.2701781594787,3.35101455197186,3.43438053309606,3.5855184459083,3.28632043814964,3.4192169469247,3.55498197880442,-0.0646941138222132,-0.0151635861713633,-0.0305364671038846
"flexible",0.76885534591195,55.9921996243264,3.36364661978669,3.44747473085671,3.60114341955762,3.29781215258546,3.43258074646166,3.5696534836454,-0.0658344672012365,-0.0148939843950462,-0.0314899359122136
"flexible",0.775075471698113,56.7313756835846,3.37651839030001,3.46096249431038,3.61707410577695,3.30951937823112,3.44620004486162,3.58460844129828,-0.0669990120688904,-0.0147624494487597,-0.0324656644786683
"flexible",0.781295597484277,57.4886748439084,3.38964383161875,3.47403841350774,3.63332829888642,3.3214546834429,3.46008972614437,3.59986335647529,-0.0681891481758568,-0.013948687363369,-0.0334649424111353
"flexible",0.78751572327044,58.2651481883734,3.40295890751298,3.48738060787214,3.64992527453606,3.33363167458388,3.4742659080083,3.61543610458072,-0.0693272329291057,-0.0131146998638405,-0.0344891699553402
"flexible",0.793735849056604,59.0619391385962,3.41643564184829,3.50100534195906,3.66688596414645,3.34606511787837,3.48812970401078,3.631346092964,-0.0703705239699226,-0.0128756379482775,-0.0355398711824479
"flexible",0.799955974842767,59.8802947038101,3.43021005636084,3.51502408896908,3.68423315575003,3.35877107964781,3.50229081791467,3.6476144465528,-0.0714389767130301,-0.0127332710544108,-0.0366187091972296
"flexible",0.806176100628931,60.721578497699,3.44430129728679,3.52979087405158,3.70199172619821,3.37176708837636,3.51657049272091,3.66426422244781,-0.0725342089104242,-0.0132203813306733,-0.0377275037504079
"flexible",0.812396226415094,61.5872858677184,3.45840995384769,3.544913263788,3.72018891082591,3.38507232283529,3.53122542436379,3.68132065909942,-0.0733376310124032,-0.0136878394242168,-0.0388682517264853
"flexible",0.818616352201258,62.47906156277,3.47265155436416,3.56041547353455,3.73865507351243,3.39870783148426,3.54634769204477,3.69881146700383,-0.0739437228799056,-0.0140677814897763,-0.0398436065086019
"flexible",0.824836477987421,63.3987204688299,3.48695676036443,3.57632417061337,3.75677672837106,3.41269678963216,3.56186495661912,3.71676716953859,-0.0742599707322693,-0.0144592139942525,-0.0400095588324634
"flexible",0.831056603773585,64.3482720758053,3.50149732900295,3.59245094920042,3.77540187458868,3.42706480246651,3.57745821886804,3.73522150472486,-0.0744325265364418,-0.014992730332378,-0.0401803698638235
"flexible",0.837276729559749,65.3299495126019,3.51644900011763,3.60805830127745,3.7945683063819,3.4418402641725,3.59349164032903,3.75421190151663,-0.0746087359451266,-0.0145666609484234,-0.0403564048652703
"flexible",0.843496855345912,66.3462442151501,3.53184365895268,3.62412926460485,3.81431811888398,3.45705478612859,3.61000396199331,3.7737800479035,-0.0747888728240911,-0.0141253026115349,-0.040538070980479
"flexible",0.849716981132075,67.3999475936485,3.54771695214882,3.64070115233988,3.83469839695776,3.47274371082241,3.62718179724662,3.79397257298848,-0.074973241326405,-0.0135193550932575,-0.0407258239692845
"flexible",0.855937106918239,68.4942014685806,3.56410891374179,3.65781587207463,3.85576204807456,3.48894673301675,3.64529131032893,3.81484187171819,-0.0751621807250453,-0.0125245617457059,-0.0409201763563782
"flexible",0.862157232704403,69.6325595904959,3.58092615734995,3.67608071720289,3.87756881711265,3.50570865629464,3.66371616837105,3.83644710974657,-0.0752175010553113,-0.0123645488318398,-0.0411217073660732
"flexible",0.868377358490566,70.8190633051435,3.59817236661539,3.69514646225831,3.90018653308908,3.52308032213475,3.68281438738589,3.85885545795345,-0.0750920444806455,-0.0123320748724223,-0.0413310751356355
"flexible",0.87459748427673,72.0583354608432,3.61594105902472,3.71494811651963,3.92369265468514,3.54111976116224,3.70265009847457,3.8821436228193,-0.0748212978624734,-0.01229801804506,-0.0415490318658405
"flexible",0.880817610062893,73.3556981110481,3.63442872981866,3.73555919004838,3.94817620509623,3.55989363376881,3.72329697747041,3.90639976229493,-0.0745350960498552,-0.0122622125779732,-0.0417764428012943
"flexible",0.887037735849057,74.7173216447181,3.65371078298169,3.75706472707137,3.97374022051236,3.57835153393924,3.74471769168872,3.93172591024556,-0.0753592490424562,-0.0123470353826476,-0.0420143102668025
"flexible",0.89325786163522,76.1504159980973,3.67311516732057,3.77956388104768,4.00050488554761,3.59735190900602,3.76663169983837,3.95873210342842,-0.0757632583145509,-0.0129321812093117,-0.041772782119188
"flexible",0.899477987421384,77.6634790722015,3.69345652813143,3.80290881860484,4.02861160139418,3.61727693829681,3.78961312554044,3.98766013740654,-0.0761795898346236,-0.0132956930643964,-0.0409514639876472
"flexible",0.905698113207547,79.2666242341426,3.71485855790203,3.8272826502885,4.05822834181707,3.63824157488512,3.81516478468749,4.01815140038014,-0.076616983016915,-0.0121178656010104,-0.0400769414369204
"flexible",0.911918238993711,80.972019219694,3.73746194900761,3.85327561619568,4.0895568209201,3.66073438546333,3.84225531724068,4.05041502127818,-0.0767275635442872,-0.0110202989549917,-0.0391417996419205
"flexible",0.918138364779874,82.794485309684,3.76143756610217,3.88086770746106,4.12284226401634,3.68471177317257,3.86930235927509,4.08470529290582,-0.076725792929607,-0.0115653481859694,-0.0381369711105206
"flexible",0.924358490566038,84.7523326778627,3.78699583764195,3.91030497690797,4.15838700891388,3.71027670375934,3.8994008043662,4.12133580210365,-0.0767191338826119,-0.0109041725417662,-0.0370512068102284
"flexible",0.930578616352201,86.8685534005477,3.8144001330161,3.94180272020842,4.19656989950501,3.73769355642996,3.93170533842497,4.1606995817115,-0.076706576586143,-0.0100973817834453,-0.0358703177935116
"flexible",0.936798742138365,89.1725734985249,3.84398635296562,3.97540275570558,4.23787471882543,3.76729956213993,3.96712127050322,4.20329866221517,-0.0766867908256885,-0.00828148520236027,-0.0345760566102546
"flexible",0.943018867924528,91.7029116145117,3.87619256860238,4.01200750549847,4.28293325831761,3.79953458643299,4.00552720810027,4.24978884642253,-0.076657982169392,-0.006480297398201,-0.0331444118950781
"flexible",0.949238993710692,94.5113738213916,3.91160563511324,4.05229201012621,4.33259314248448,3.83498797542126,4.04689408910601,4.30105023867598,-0.076617659691987,-0.00539792102019732,-0.0315429038085053
"flexible",0.955459119496855,97.6699920835056,3.95058778095549,4.09719139738776,4.38802978670677,3.87447578367977,4.09226344514413,4.35830370139564,-0.0761119972757234,-0.00492795224362919,-0.0297260853111316
"flexible",0.961679245283019,101.283191957102,3.99536170029532,4.14926189632455,4.45094230230149,3.91917571304886,4.14459008175465,4.42331469890736,-0.0761859872464568,-0.00467181456989785,-0.0276276033941274
"flexible",0.967899371069182,105.510780807018,4.04903468044692,4.20976330514606,4.52470744356325,3.9708810240946,4.2061904270157,4.5006736335915,-0.0781536563523195,-0.00357287813036056,-0.0240338099717547
"flexible",0.974119496855346,110.615877558969,4.11304462801921,4.28454124629194,4.61340811520139,4.03252753351915,4.27722137802647,4.59428968313774,-0.0805170945000624,-0.00731986826546915,-0.0191184320636522
"flexible",0.98033962264151,117.079587721921,4.19294016511467,4.37902710261775,4.72456768358001,4.10944786838181,4.36501838466748,4.71176165240881,-0.0834922967328611,-0.0140087179502721,-0.0128060311712073
"flexible",0.986559748427673,125.939177958263,4.30059108316339,4.50586518430993,4.87511454569392,4.2130466664449,4.48429278518101,4.87112172830647,-0.0875444167184902,-0.0215723991289263,-0.00399281738744772
"flexible",0.992779874213837,140.23596250523,4.47019633041084,4.70221767095989,5.12639875071279,4.37640116510926,4.67848626676108,5.12502257054958,-0.0937951653015752,-0.023731404198811,-0.00137618016320573
"flexible",0.999,184.668269529032,4.96214667468384,5.28716087917535,5.90985427337813,4.85279131988103,5.26826012580432,5.89823164028265,-0.109355354802815,-0.018900753371021,-0.0116226330954738
"gaussian",0.01,2.97109480506532,2.25210615821598,2.37611015796703,2.48282419882121,2.24668689674002,2.36896179733,2.48214081116838,-0.0054192614759585,-0.0071483606370224,-0.000683387652828049
"gaussian",0.0162201257861635,3.83822167055874,2.26721871674502,2.38986605522967,2.49530484742353,2.26181458087942,2.38195748541385,2.49438328227095,-0.00540413586560629,-0.00790856981581856,-0.000921565152581572
"gaussian",0.022440251572327,4.56890077558951,2.2800319468574,2.40117572039921,2.50579461045035,2.27464088412297,2.39307638002317,2.50469496533574,-0.00539106273443712,-0.00809934037604121,-0.00109964511461014
"gaussian",0.0286603773584906,5.21846951654933,2.29148362884974,2.41093564123964,2.51515698696707,2.28610444212326,2.4031464697539,2.51389780928159,-0.00537918672648763,-0.00778917148573344,-0.001259177685482
"gaussian",0.0348805031446541,5.81293976892968,2.30201435626428,2.41990267320351,2.5237558929095,2.29664624958145,2.41239954372063,2.52234970220861,-0.00536810668283216,-0.00750312948287535,-0.00140619070088555
"gaussian",0.0411006289308176,6.36700790199195,2.31187296274981,2.42889281757954,2.53179687686164,2.30651536640874,2.42105585005231,2.53025278897208,-0.00535759634106991,-0.00783696752722696,-0.00154408788956406
"gaussian",0.0473207547169811,6.88993774208713,2.32121625776802,2.43766737009161,2.53940947933998,2.31586874452995,2.42925418984362,2.53773446539634,-0.0053475132380667,-0.00841318024799254,-0.001675013943637
"gaussian",0.0535408805031447,7.38801395382243,2.33015060695232,2.44605437737623,2.546681571613,2.32481284617909,2.43708871504786,2.54488114807028,-0.00533776077323322,-0.00896566232836848,-0.00180042354271848
"gaussian",0.0597610062893082,7.86573228636115,2.33875209872664,2.45412570666925,2.55367601145339,2.33342382889778,2.44462677647278,2.55175465415883,-0.00532826982886592,-0.00949893019646364,-0.00192135729455778
"gaussian",0.0659811320754717,8.32644070102006,2.34707740398751,2.46152741681921,2.56043961290935,2.34175841510441,2.45191853535492,2.5584010226008,-0.00531898888309801,-0.00960888146428607,-0.00203859030855602
"gaussian",0.0722012578616352,8.77271244854428,2.35512011309003,2.46849755182611,2.56700836482502,2.34986021542212,2.45900255512319,2.56485564620844,-0.00525989766790591,-0.00949499670291276,-0.00215271861658328
"gaussian",0.0784213836477987,9.20657650106066,2.36292255217359,2.47525608767304,2.57341065343171,2.35776363323654,2.4656656616336,2.57114644090195,-0.00515891893704179,-0.00959042603944349,-0.00226421252975895
"gaussian",0.0846415094339623,9.62966680479462,2.37055617204891,2.48186470062786,2.57966934924586,2.36549639304573,2.47195064995906,2.5772958980611,-0.00505977900317767,-0.00991405066879825,-0.00237345118475885
"gaussian",0.0908616352201258,10.0433227790829,2.37804345081017,2.48834309030786,2.58580321201663,2.373081242488,2.47811101004492,2.58332246621976,-0.00496220832216743,-0.0102320802629361,-0.00248074579686985
"gaussian",0.0970817610062893,10.4486592120205,2.38540311773621,2.49466612047378,2.59182786767351,2.38053713579196,2.4841623924311,2.58924151184709,-0.00486598194424737,-0.0105037280426812,-0.00258635582642608
"gaussian",0.103301886792453,10.8466162218279,2.39265098905387,2.5008509434246,2.5977565065306,2.38788007951285,2.4901180089584,2.59506600599989,-0.00477090954101111,-0.0107329344662013,-0.00269050053071496
"gaussian",0.109522012578616,11.2379958186225,2.39980057942301,2.50694854813234,2.60360039415326,2.39512375131256,2.49602697309673,2.60080702673821,-0.00467682811044767,-0.0109215750356189,-0.00279336741505531
"gaussian",0.11574213836478,11.6234892118866,2.40686355856009,2.51296902803229,2.60936925286304,2.40227996202944,2.50231186697533,2.60647413432,-0.00458359653064999,-0.0106571610569568,-0.00289511854303903
"gaussian",0.121962264150943,12.0036975740855,2.41385009838162,2.51892117693602,2.61507155178422,2.40935900696154,2.50852611864118,2.61207565645077,-0.00449109142007886,-0.0103950582948369,-0.0029958953334539
"gaussian",0.128182389937107,12.379148080214,2.42076914113086,2.52481272144496,2.62071473087667,2.4163699371903,2.51489050479307,2.61761890861157,-0.00439920394055537,-0.00992221665189907,-0.00309582226510274
"gaussian",0.13440251572327,12.7503064738463,2.42762860941898,2.53065050301774,2.6263053764389,2.42332077212592,2.52121962738843,2.62311036666,-0.00430783729305295,-0.00943087562930423,-0.0031950097788993
"gaussian",0.140622641509434,13.1175870370777,2.4344355728633,2.53644062241565,2.63184936034604,2.4302186681323,2.52705336189588,2.62855580376581,-0.00421690473100256,-0.00938726051977046,-0.00329355658023056
"gaussian",0.146842767295598,13.4813605914103,2.44119638181425,2.54233193313619,2.63735195178715,2.43707005384835,2.53270409453853,2.63396040030054,-0.00412632796589874,-0.00962783859765537,-0.00339155148660808
"gaussian",0.153062893081761,13.8419609852458,2.44791677579384,2.54828389778048,2.64281790787002,2.44387767860731,2.53842174596199,2.63932883294405,-0.00403909718652207,-0.00986215181849337,-0.00348907492596817
"gaussian",0.159283018867925,14.1996904041332,2.45460197226814,2.55420224611704,2.64825154779061,2.45062676840362,2.54435870212654,2.64466534762726,-0.00397520386452133,-0.00984354399049847,-0.00358620016334665
"gaussian",0.165503144654088,14.5548237551595,2.46125673995806,2.56009124328704,2.65365681407963,2.45713801803326,2.55026632801777,2.64997381976562,-0.004118721924808,-0.00982491526926665,-0.00368299431401287
"gaussian",0.171723270440252,14.9076123158613,2.46788545987162,2.56595480422439,2.65903732358601,2.4636185032368,2.55599309036523,2.65525780439895,-0.00426695663481302,-0.00996171385916211,-0.00377951918706465
"gaussian",0.177943396226415,15.2582867934812,2.47449217649591,2.57179653973221,2.66439641023427,2.47007710619385,2.56156877214651,2.66072960240601,-0.00441507030206179,-0.0102277675857039,-0.00366680782826601
"gaussian",0.184163522012579,15.607059907462,2.48108064103607,2.57761979539662,2.66984114583105,2.47651749837574,2.5670629764033,2.66634139117706,-0.00456314266032853,-0.0105568189933263,-0.00349975465399144
"gaussian",0.190383647798742,15.9541285834256,2.48765434817609,2.58342768466576,2.67542294415325,2.48294309965148,2.57248300217083,2.67193752108338,-0.0047112485246088,-0.0109446824949329,-0.00348542306986799
"gaussian",0.196603773584906,16.2996758282494,2.49421656752532,2.58922311714164,2.68099190732614,2.48935710910484,2.57791225857092,2.67752080380612,-0.00485945842047375,-0.0113108585707185,-0.00347110352002256
"gaussian",0.202823899371069,16.6438723416131,2.50077037067575,2.59500882291801,2.68655066585395,2.49576253154931,2.58333170053765,2.6832612261531,-0.00500783912643588,-0.0116771223803545,-0.00328943970085183
"gaussian",0.209044025157233,16.98687790841,2.50731099738935,2.60075221112332,2.69210169637643,2.50216220046827,2.58881481281685,2.68900149386357,-0.00514879692107773,-0.011937398306467,-0.00310020251286325
"gaussian",0.215264150943396,17.3288426078768,2.51379501319651,2.60639833694117,2.69764733938199,2.5085587979675,2.5943742774093,2.69473662370349,-0.00523621522900619,-0.0120240595318637,-0.00291071567850176
"gaussian",0.22148427672956,17.6699078685955,2.5202787305283,2.61215009526613,2.7031898146855,2.51495487221769,2.59993106141793,2.70046890950373,-0.00532385831061477,-0.0122190338482024,-0.00272090518176693
"gaussian",0.227704402515723,18.0102073932303,2.52676461182189,2.61790162038358,2.70873123501853,2.52135285277784,2.60548728150786,2.70620053503068,-0.00541175904404767,-0.0124143388757147,-0.00253069998784872
"gaussian",0.233924528301887,18.3498679726463,2.53325501333262,2.62365500474355,2.7142736180182,2.5277550641215,2.61119237639773,2.71193358634249,-0.00549994921112118,-0.0124626283458156,-0.00234003167571251
"gaussian",0.24014465408805,18.689010205683,2.53975219727542,2.62941225434838,2.71981889685192,2.53416373763259,2.61696117832788,2.71767006274059,-0.00558845964283616,-0.0124510760205032,-0.00214883411132938
"gaussian",0.246364779874214,19.0277491381328,2.5462583426426,2.63517529850426,2.7253689296754,2.54058102229287,2.62268077175021,2.72341188651983,-0.0056773203497289,-0.0124945267540522,-0.00195704315556799
"gaussian",0.252584905660377,19.3661948322651,2.55277555488659,2.64094599854291,2.73092550808957,2.54700899424733,2.62883207890147,2.7291609116878,-0.00576656063926517,-0.0121139196414379,-0.00176459640177073
"gaussian",0.258805031446541,19.7044528764376,2.55930587462596,2.64664672663196,2.73649036473542,2.55344966540384,2.63494669184096,2.73491893179661,-0.00585620922212593,-0.0117000347910023,-0.00157143293880724
"gaussian",0.265025157232704,20.0426248428563,2.56585128550878,2.65223056001108,2.74206518014453,2.55990499119982,2.64102489731703,2.7406876870085,-0.00594629430895699,-0.0112056626940555,-0.0013774931360282
"gaussian",0.271245283018868,20.3808087003316,2.5724137213473,2.65782646151943,2.74765158894544,2.56637687764837,2.64711734364133,2.74646887049832,-0.00603684369893154,-0.0107091178780934,-0.00118271844711915
"gaussian",0.277465408805031,20.7190991878655,2.57899507262124,2.66343603048198,2.75325118551116,2.57286718775998,2.65322577733196,2.75226413428093,-0.00612788486125826,-0.0102102531500181,-0.000987051230223912
"gaussian",0.283685534591195,21.0575881540717,2.58559719243317,2.66906083158348,2.75886552912104,2.57937774742255,2.65935190843389,2.75807509453889,-0.00621944501062766,-0.00970892314958727,-0.000790434582153221
"gaussian",0.289905660377358,21.3963648667245,2.59222190198795,2.67470239960382,2.76449614870018,2.5859103508105,2.66549741564504,2.76390333651547,-0.00631155117744742,-0.00920498395877356,-0.000592812184716962
"gaussian",0.296125786163522,21.7355162961495,2.59887099565839,2.6803622437873,2.7701445471908,2.59246676538478,2.67121305359968,2.76975041902926,-0.00640423027361248,-0.00914919018762017,-0.000394128161540941
"gaussian",0.302345911949686,22.075127375673,2.60525278724082,2.68604185189314,2.77581220560314,2.5990487365371,2.67628863063827,2.77561787865924,-0.00620405070372465,-0.00975322125486411,-0.00019432694389554
"gaussian",0.308566037735849,22.4152812419291,2.61145385198513,2.69174269396845,2.78151520986978,2.60565799192531,2.68138198902249,2.78150856301404,-0.00579586005982691,-0.0103607049459669,-6.64685573648072e-06
"gaussian",0.314786163522013,22.7560594574723,2.61768115505755,2.69746622587991,2.78767060580113,2.61225826840139,2.68649441833064,2.78746175723765,-0.00542288665616608,-0.0109718075492697,-0.000208848563482356
"gaussian",0.321006289308176,23.0975422178409,2.62393628476929,2.70321389263602,2.79385243285954,2.61853095184164,2.69162719721896,2.79344009930126,-0.00540533292764289,-0.0115866954170611,-0.0004123335582773
"gaussian",0.32722641509434,23.4398085449614,2.63022082262538,2.70898713152833,2.80006224196306,2.62483316238502,2.69678159623176,2.79944508458171,-0.00538766024035908,-0.0122055352965709,-0.00061715738134982
"gaussian",0.333446540880503,23.7829364685661,2.63653634657396,2.7147873751166,2.80630157941931,2.6311664827556,2.70230897968306,2.80547820357754,-0.00536986381836524,-0.0124783954335448,-0.000823375841774165
"gaussian",0.339666666666667,24.1270031971094,2.6428632329323,2.72061605408062,2.81257198999396,2.63753249526368,2.70789635574872,2.81154094487512,-0.00533073766862113,-0.0127196983318996,-0.00103104511883778
"gaussian",0.34588679245283,24.4720852795073,2.64909920786962,2.72647459995879,2.81887501985916,2.64393278480603,2.71351186005535,2.81763479799731,-0.00516642306359438,-0.0129627399034358,-0.00124022186185035
"gaussian",0.352106918238994,24.8182587588886,2.65536969502013,2.73231359259233,2.8252122194416,2.6503689417679,2.71915686124516,2.82376125615356,-0.00500075325222671,-0.0131567313471792,-0.00145096328803485
"gaussian",0.358327044025157,25.1655993194285,2.66167624554755,2.73793621668475,2.8315851461881,2.65684256484521,2.72503202418622,2.82992181890907,-0.00483368070234036,-0.0129041924985343,-0.00166332727903251
"gaussian",0.364547169811321,25.514182427233,2.66802042095286,2.74359473496316,2.83799536726535,2.66335526380329,2.73103168632486,2.83611799478878,-0.0046651571495655,-0.0125630486383002,-0.00187737247656417
"gaussian",0.370767295597484,25.8640834661573,2.67440379570758,2.74962075785394,2.84444446220887,2.66973931885541,2.73706731678687,2.84235130383114,-0.00466447685217686,-0.0125534410670758,-0.00209315837772461
"gaussian",0.376987421383648,26.2153778693679,2.68082795985328,2.75568409712143,2.85093402553572,2.67600838256231,2.74314040106503,2.84862328010533,-0.00481957729096827,-0.0125436960563956,-0.00231074543038812
"gaussian",0.383207547169811,26.5681412473922,2.6872945215804,2.76178625057133,2.8574656693341,2.68231860141463,2.74887847579134,2.85493547420493,-0.00497592016576398,-0.0129077747799879,-0.00253019512917252
"gaussian",0.389427672955975,26.9224495133498,2.69380510979913,2.7679287343117,2.86404102584263,2.68867156136264,2.75464939166422,2.86128945573024,-0.0051335484364925,-0.0132793426474769,-0.00275157011239058
"gaussian",0.395647798742138,27.2783790060108,2.70036137671436,2.77411308515106,2.87066175003149,2.69506887086327,2.76048064842016,2.86768681577107,-0.00529250585109242,-0.0136324367308993,-0.00297493426042239
"gaussian",0.401867924528302,27.6360066112917,2.70696500041624,2.78034086300759,2.87732952219717,2.70146756546854,2.76710703141066,2.87412916940125,-0.00549743494770016,-0.0132338315969278,-0.00320035279591879
"gaussian",0.408088050314465,27.9954098827662,2.71361768749794,2.78661365334013,2.88404605058209,2.70789824989427,2.77378240396768,2.88046613733053,-0.00571943760367422,-0.0128312493724549,-0.00357991325156615
"gaussian",0.414308176100629,28.3566671617459,2.72032117571166,2.79293306961142,2.8908130740306,2.71437766865885,2.78045094494596,2.88685107558967,-0.00594350705281066,-0.0124821246654556,-0.00396199844092493
"gaussian",0.420528301886792,28.719857697464,2.72707723667393,2.79930075579378,2.8976323646922,2.72090752679576,2.78682944834893,2.89328445726186,-0.0061697098781619,-0.0124713074448457,-0.0043479074303443
"gaussian",0.426748427672956,29.0850617678832,2.73388767863162,2.80571838892782,2.90450573078343,2.72716867018376,2.79380406931874,2.89976796987256,-0.00671900844786322,-0.0119143196090867,-0.00473776091087519
"gaussian",0.432968553459119,29.452360801637,2.74075434929965,2.81218768174446,2.91143501941941,2.73297891218645,2.80106163769734,2.90630333662711,-0.00777543711319906,-0.0111260440471241,-0.00513168279230092
"gaussian",0.439188679245283,29.8218375016123,2.74767913878195,2.81871038536082,2.91842211952669,2.73883611392531,2.80756030054156,2.9128923191203,-0.00884302485663602,-0.0111500848192581,-0.00552980040638396
"gaussian",0.445408805031447,30.1935759706762,2.75466398258751,2.82528829206103,2.92546896484902,2.74474186208069,2.81384179455443,2.91953672013044,-0.00992212050682184,-0.0114464975066046,-0.00593224471857345
"gaussian",0.45162893081761,30.5676618400565,2.7616802378257,2.83192323817297,2.93257753705822,2.75069778165003,2.82017718285719,2.92623838650917,-0.0109824561756766,-0.0117460553157827,-0.00633915054904666
"gaussian",0.457849056603774,30.944182400893,2.76865491813324,2.83861710705268,2.93974986898267,2.75670553857646,2.8265523731684,2.93299921217869,-0.0119493795567798,-0.0120647338842823,-0.00675065680397768
"gaussian",0.464069182389937,31.323226739485,2.77569414605961,2.84537183218854,2.94698804796662,2.76276684248077,2.83335972684711,2.93982114124862,-0.0129273035788429,-0.0120121053414302,-0.00716690671800002
"gaussian",0.470289308176101,31.7048858767809,2.78280002099369,2.85244509270418,2.95429421937415,2.76888344950816,2.84023065650704,2.94670617126526,-0.0139165714855261,-0.0122144361971377,-0.00758804810888547
"gaussian",0.476509433962264,32.0892529126728,2.7899747030051,2.8600964165196,2.96167059025226,2.77505716530141,2.84716722814806,2.95365635660674,-0.014917537703691,-0.012929188371543,-0.00801423364552001
"gaussian",0.482729559748428,32.4764231756826,2.79722041660944,2.86782457957341,2.96911943316883,2.78128984811311,2.85404492391813,2.96067381203847,-0.0159305684963336,-0.0137796556552803,-0.0084456211303614
"gaussian",0.488949685534591,32.8664943786587,2.80453945472182,2.87563205819748,2.97664309024161,2.78758341207017,2.86051053310678,2.96776071644399,-0.0169560426516577,-0.0151215250906978,-0.00888237379762158
"gaussian",0.495169811320755,33.2595667811319,2.81193418281631,2.88352140775683,2.98424397737617,2.79391469724125,2.86692427480147,2.97491931674764,-0.0180194855750564,-0.0165971329553596,-0.00932466062852999
"gaussian",0.501389937106918,33.6557433590205,2.8193484969586,2.89047593114333,2.99192458873164,2.80030865997373,2.87351353911299,2.9821519320465,-0.0190398369848723,-0.0169623920303414,-0.00977265668514171
"gaussian",0.507610062893082,34.0551299824184,2.82682331106485,2.897935573758,2.99968750143452,2.80676926830504,2.88052646647778,2.98946095797024,-0.0200540427598117,-0.0174091072802169,-0.0102265434642828
"gaussian",0.513830188679245,34.45783560225,2.83438033416374,2.90547691238411,3.00753538056276,2.81366758246847,2.88805859567822,2.99684887128943,-0.0207127516952719,-0.0174183167058866,-0.0106865092733277
"gaussian",0.520050314465409,34.8639724466324,2.84202223435833,2.91310259949351,3.01547098442368,2.82162509244318,2.89617087962362,3.00431823479397,-0.0203971419151485,-0.0169317198698931,-0.0111527496297059
"gaussian",0.526270440251572,35.2736562278499,2.84975177557052,2.92081538263117,3.02349717015172,2.82960113446657,2.90437728657455,3.01187170246556,-0.0201506411039523,-0.0164380960566253,-0.0116254676861569
"gaussian",0.532490566037736,35.6870063609185,2.85757182330341,2.9286181101351,3.03161689965404,2.83767180206319,2.91213723476921,3.01951202497009,-0.0199000212402152,-0.0164808753658887,-0.0121048746839572
"gaussian",0.538710691823899,36.1041461947953,2.86548535077097,2.93651373722055,3.03983324593454,2.84584020530126,2.92047804565251,3.02724205549798,-0.0196451454697066,-0.0160356915680406,-0.0125911904365599
"gaussian",0.544930817610063,36.5252032573823,2.87349544542748,2.94450533246046,3.04783051826645,2.8541095744735,2.92892154939837,3.03506475598332,-0.0193858709539851,-0.0155837830620933,-0.0127657622831299
"gaussian",0.551150943396227,36.9503095155721,2.88160531593212,2.95259608469738,3.05574841987625,2.86248326742718,2.93747115982589,3.04298320373535,-0.0191220485049453,-0.015124924871488,-0.0127652161409006
"gaussian",0.55737106918239,37.3796016516968,2.88981829958752,2.96098022039594,3.06376517346324,2.87096477739485,2.94571234304806,3.05100059851906,-0.0188535221926656,-0.0152678773478758,-0.0127645749441818
"gaussian",0.563591194968553,37.8132213578676,2.89813787029505,2.9696722083019,3.07188410544976,2.87955774137094,2.95375018634337,3.05912027012545,-0.0185801289241092,-0.015922021958533,-0.0127638353243174
"gaussian",0.569811320754717,38.2513156498348,2.90656764707366,2.9784798788007,3.08010868019917,2.88826594908362,2.96174139851377,3.06734568647575,-0.0183016979900374,-0.0167384802869357,-0.0127629937234253
"gaussian",0.576031446540881,38.6940372021563,2.915111403194,2.98705873522412,3.08844250869076,2.89693514949363,2.97021788722067,3.07568046230859,-0.0181762537003665,-0.0168408480034516,-0.0127620463821683
"gaussian",0.582251572327044,39.14154470664,2.92377307598476,2.99587612093494,3.09688935783059,2.90496296725881,2.97926858831813,3.08412836850409,-0.0188101087259471,-0.0166075326168116,-0.0127609893264964
"gaussian",0.588471698113208,39.5940032562249,2.93251770131222,3.00481806420971,3.10545316045791,2.91256600222754,2.98864994127183,3.09269334210463,-0.0199516990846802,-0.0161681229378772,-0.0127598183532771
"gaussian",0.594691823899371,40.0515847566925,2.9410053069757,3.0138889551759,3.11413802611284,2.92027540301993,2.99825238246616,3.10137949709816,-0.0207299039557758,-0.0156365727097421,-0.012758529014683
"gaussian",0.600911949685535,40.5144683688495,2.95004580837541,3.02309338663835,3.12294825263882,2.92809494039678,3.00790020696164,3.11019113603758,-0.0219508679786382,-0.0151931796767082,-0.0127571166012359
"gaussian",0.607132075471698,40.982840984109,2.96032510930208,3.03243616758419,3.13198350701839,2.93602856066195,3.01741583431738,3.11913276257733,-0.024296548640129,-0.0150203332668108,-0.0128507444410566
"gaussian",0.613352201257862,41.4568977367191,2.96972564853874,3.04192233777775,3.14146565238913,2.94408039747134,3.02596641574015,3.12820909501791,-0.0256452510674032,-0.0159559220376027,-0.0132565573712196
"gaussian",0.619572327044025,41.9368425562488,2.97825960731642,3.05155718355481,3.15109491148843,2.95225478460659,3.03588267567852,3.13742508095921,-0.0260048227098273,-0.0156745078762834,-0.0136698305292269
"gaussian",0.625792452830189,42.422888764355,2.9869271728984,3.06134625493841,3.16087676345205,2.96055626981159,3.04629784579955,3.14678591317544,-0.0263709030868071,-0.015048409138867,-0.0140908502766144
"gaussian",0.632012578616352,42.9152597203184,2.99573337363677,3.07159453002195,3.17081696506491,2.96898962980128,3.05683573522642,3.15629704683786,-0.0267437438354885,-0.0147587947955286,-0.0145199182270561
"gaussian",0.638232704402516,43.4141895203672,3.00468349667895,3.08311058542508,3.18092157058443,2.97755988656576,3.06740651154166,3.16596421822666,-0.0271236101131951,-0.0157040738834251,-0.0149573523577611
"gaussian",0.644452830188679,43.9199237564116,3.01353564553104,3.09454881529029,3.1911969533123,2.98627232510765,3.07815922286636,3.17589815854663,-0.0272633204233856,-0.0163895924239252,-0.0152987947656729
"gaussian",0.650672955974843,44.4327203405001,3.02299550432316,3.10506096225251,3.20164982910486,2.99513251276804,3.08877584442267,3.18735792202622,-0.0278629915551196,-0.0162851178298391,-0.0142919070786385
"gaussian",0.656893081761006,44.9528504020976,3.03265611212717,3.11576106695289,3.21228728203587,3.00414632031602,3.09874837756999,3.19902424541241,-0.0285097918111465,-0.0170126893828986,-0.0132630366234605
"gaussian",0.66311320754717,45.4805992661867,3.04248979021358,3.12665677487629,3.22311679245401,3.01331994499979,3.10890015880749,3.21090554603565,-0.0291698452137887,-0.0177566160687972,-0.012211246418361
"gaussian",0.669333333333333,46.0162675212326,3.0525036493516,3.13826995957779,3.23414626770916,3.02265993578339,3.11923855989846,3.22333445915208,-0.0298437135682157,-0.0190313996793332,-0.010811808557075
"gaussian",0.675553459119497,46.5601721872471,3.06270521358043,3.15131584793548,3.2453840758587,3.03217322102325,3.12977138152594,3.23613682047774,-0.0305319925571816,-0.021544466409539,-0.0092472553809646
"gaussian",0.68177358490566,47.1126479955644,3.07310245338928,3.16330392839194,3.25683908270816,3.04186713887408,3.14050688775198,3.24919316914151,-0.0312353145152016,-0.0227970406399578,-0.00764591356664734
"gaussian",0.687993710691824,47.6740487935412,3.08370382224152,3.17518772905297,3.26852069259002,3.05174947075384,3.15172793675928,3.26251458810337,-0.0319543514876788,-0.0234597922936954,-0.00600610448665062
"gaussian",0.694213836477988,48.2447490892452,3.09451829685577,3.18608424120921,3.28043889334304,3.06182847824512,3.16397833350636,3.27611285360521,-0.0326898186106512,-0.0221059077028558,-0.00432603973783108
"gaussian",0.700433962264151,48.8251457533543,3.10555542171738,3.19716816402984,3.29260430602147,3.07211294386523,3.17648570783415,3.28962115918164,-0.0334424778521516,-0.0206824561956891,-0.00298314683983536
"gaussian",0.706654088050314,49.4156598980085,3.11682535836422,3.20852031543376,3.30502823994348,3.08261221620188,3.18924124610969,3.30225430025915,-0.0342131421623391,-0.0192790693240785,-0.00277393968432582
"gaussian",0.712874213836478,50.0167389553037,3.12833894007408,3.2212310192415,3.3177227537806,3.09333625998718,3.20195350982551,3.31516341272607,-0.0350026800868934,-0.0192775094159865,-0.00255934105452926
"gaussian",0.719094339622642,50.6288589815856,3.14010773267855,3.23337127046883,3.33070072350016,3.10429571177182,3.21439225463171,3.32836164203128,-0.0358120209067376,-0.0189790158371186,-0.00233908146887307
"gaussian",0.725314465408805,51.252527217782,3.15214410234431,3.24578761727658,3.34397591810192,3.11550194196692,3.2267352683963,3.34186304618112,-0.036642160377383,-0.0190523488802792,-0.00211287192079901
"gaussian",0.731534591194969,51.8882849408456,3.16446129129948,3.25849372464401,3.35756308424429,3.12752730643933,3.23961859319974,3.35568268226805,-0.0369339848601484,-0.0188751314442621,-0.00188040197623751
"gaussian",0.737754716981132,52.5367106471122,3.17707350264679,3.27150424917702,3.37147804103839,3.14013992759043,3.25385081577176,3.36983670340131,-0.0369335750563557,-0.0176534334052585,-0.00164133763707808
"gaussian",0.743974842767296,53.1984236152126,3.1898678950448,3.28478188638139,3.38573778650742,3.1533897533263,3.26843915067764,3.38434246757191,-0.0364781417184998,-0.0163427357037484,-0.00139531893550426
"gaussian",0.750194968553459,53.8740879043488,3.20283421644495,3.29835312502423,3.4003606174714,3.1672117134897,3.28301865492326,3.39921866025358,-0.0356225029552415,-0.0153344701009672,-0.00114195721781707
"gaussian",0.756415094339623,54.5644168535636,3.21613641059388,3.31227682835518,3.41536626493422,3.18139656704126,3.2978600238126,3.41448543286542,-0.0347398435526132,-0.014416804542587,-0.000880832068804516
"gaussian",0.762635220125786,55.2701781594787,3.2297931075254,3.32657256559926,3.43077604743319,3.19596454534828,3.31310256698444,3.43016455961467,-0.0338285621771166,-0.0134699986148261,-0.000611487818513279
"gaussian",0.76885534591195,55.9921996243264,3.24382447184114,3.34126151919208,3.44661304527773,3.21093755321824,3.32981115477923,3.44640159129325,-0.0328869186229053,-0.0114503644128483,-0.000211453984475085
"gaussian",0.775075471698113,56.7313756835846,3.25825237531524,3.35636666633267,3.46449792389182,3.22633935768731,3.34629346659012,3.46432894511462,-0.031913017627935,-0.0100731997425552,-0.000168978777197459
"gaussian",0.781295597484277,57.4886748439084,3.27310059428833,3.37191298662306,3.48456078989127,3.24219580399023,3.36214856087588,3.48390571694831,-0.0309047902980946,-0.00976442574717629,-0.000655072942963741
"gaussian",0.78751572327044,58.2651481883734,3.28839503623312,3.38872448447977,3.50525246724023,3.25714128523757,3.37857397762979,3.50409330774925,-0.0312537509955484,-0.0101505068499814,-0.00115915949097278
"gaussian",0.793735849056604,59.0619391385962,3.30416400080199,3.40535847622454,3.52661352271885,3.27217923372391,3.39639424299648,3.52493105071285,-0.0319847670780775,-0.00896423322806905,-0.0016824720060038
"gaussian",0.799955974842767,59.8802947038101,3.32043848182643,3.42302022622049,3.54868843621899,3.287696596105,3.41549549634164,3.54646206780124,-0.0327418857214319,-0.00752472987885433,-0.00222636841774371
"gaussian",0.806176100628931,60.721578497699,3.33725251819572,3.44177419996792,3.57152611534173,3.30372558157784,3.43553692091899,3.56873376746921,-0.0335269366178803,-0.0062372790489249,-0.00279234787251603
"gaussian",0.812396226415094,61.5872858677184,3.35464360338637,3.46118021225812,3.59518049670217,3.320301662688,3.45544816957938,3.59179842618246,-0.0343419406983747,-0.0057320426787415,-0.00338207051970851
"gaussian",0.818616352201258,62.47906156277,3.37265316576397,3.48128533297082,3.61971125198318,3.33746402847337,3.47546861874597,3.61571387115115,-0.0351891372905944,-0.00581671422484353,-0.00399738083202772
"gaussian",0.824836477987421,63.3987204688299,3.3913271347964,3.50276373920924,3.64518462129767,3.35525611857813,3.49615052201498,3.6405442860612,-0.0360710162182727,-0.00661321719426411,-0.00464033523646723
"gaussian",0.831056603773585,64.3482720758053,3.41050713587934,3.52427466273314,3.67167440227312,3.37372625627034,3.5178042057475,3.66636116723501,-0.0367808796090006,-0.0064704569856433,-0.00531323503810999
"gaussian",0.837276729559749,65.3299495126019,3.43028802104282,3.54665318594572,3.69924863080979,3.39292840309349,3.53910758555639,3.69323464237773,-0.0373596179493294,-0.00754560038933372,-0.00601398843206091
"gaussian",0.843496855345912,66.3462442151501,3.45088736643971,3.57072137889724,3.72476009873242,3.41292306420006,3.56172416566155,3.71905971517838,-0.0379643022396468,-0.00899721323569214,-0.00570038355404812
"gaussian",0.849716981132075,67.3999475936485,3.47237562186511,3.59535609029306,3.75139650219655,3.43377838181785,3.58532591728417,3.74602621649047,-0.0385972400472658,-0.0100301730088912,-0.00537028570608555
"gaussian",0.855937106918239,68.4942014685806,3.49483251550096,3.62024487589541,3.77925972150216,3.45557146559305,3.61000157348864,3.77423763002993,-0.039261049907902,-0.0102433024067645,-0.00502209147222743
"gaussian",0.862157232704403,69.6325595904959,3.51834874280493,3.64554363726096,3.80846574978993,3.47830516263377,3.63585211029231,3.80381178544193,-0.0400435801711518,-0.00969152696865327,-0.00465396434799548
"gaussian",0.868377358490566,70.8190633051435,3.54302805541163,3.67210066749765,3.83914739544712,3.50214113355599,3.6620991150695,3.83488360694753,-0.0408869218556336,-0.010001552428148,-0.00426378849958553
"gaussian",0.87459748427673,72.0583354608432,3.5689898688646,3.70004548670867,3.87145765867522,3.52721195685633,3.69119735920643,3.86760854801803,-0.0417779120082682,-0.00884812750223896,-0.00384911065719251
"gaussian",0.880817610062893,73.3556981110481,3.59637255117472,3.7295282088989,3.90557399350564,3.55365067247082,3.72239413942459,3.90216692717065,-0.0427218787038957,-0.0071340694743105,-0.003407066334987
"gaussian",0.887037735849057,74.7173216447181,3.62477153476799,3.7607241050044,3.94170374773589,3.5814577925314,3.75398353305988,3.93876946265868,-0.043313742236589,-0.00674057194452082,-0.00293428507720961
"gaussian",0.89325786163522,76.1504159980973,3.65474592220521,3.79383949455209,3.98009119204979,3.60958478443984,3.78780426106183,3.97766442481708,-0.0451611377653718,-0.00603523349025803,-0.00242676723270918
"gaussian",0.899477987421384,77.6634790722015,3.68666206476834,3.82987850189791,4.02131286403332,3.63952108948524,3.82549527545843,4.01975107290928,-0.0471409752830931,-0.00438322643948386,-0.00156179112403976
"gaussian",0.905698113207547,79.2666242341426,3.72078264114409,3.86850049089014,4.066707879234,3.67151065090038,3.86572268021809,4.06648525255897,-0.0492719902437142,-0.0027778106720513,-0.000222626675026483
"gaussian",0.911918238993711,80.972019219694,3.75742629530865,3.90901459874496,4.11930740481084,3.70584926221613,3.90809182044095,4.11714061925754,-0.0515770330925229,-0.000922778304012439,-0.0021667855533023
"gaussian",0.918138364779874,82.794485309684,3.79698457307038,3.95278001261676,4.17633000546893,3.74290022952723,3.95278001261676,4.17209581279715,-0.0540843435431428,0,-0.00423419267177572
"gaussian",0.924358490566038,84.7523326778627,3.8399457424057,4.00071749621665,4.23910905288271,3.78311638982433,4.00071749621665,4.23330147645625,-0.0568293525813708,0,-0.00580757642646113
"gaussian",0.930578616352201,86.8685534005477,3.88692913447767,4.05599559816022,4.30826945961097,3.82707183896633,4.05599559816022,4.30097667609875,-0.0598572955113355,0,-0.00729278351222362
"gaussian",0.936798742138365,89.1725734985249,3.93873609150811,4.1173436394821,4.38566320561634,3.87550897862321,4.11595608942534,4.37796888521346,-0.0632271128848934,-0.00138755005676394,-0.00769432040287477
"gaussian",0.943018867924528,91.7029116145117,3.99642813695042,4.18605032928629,4.47226224205022,3.92941066078858,4.18366057486806,4.46454753129307,-0.0670174761618392,-0.00238975441822653,-0.00771471075715802
"gaussian",0.949238993710692,94.5113738213916,4.06145181108559,4.26216482297955,4.57038394242367,3.9901153299412,4.26011177001956,4.56264887419049,-0.0713364811443817,-0.00205305295998048,-0.00773506823318204
"gaussian",0.955459119496855,97.6699920835056,4.13554154130452,4.34895040658536,4.68331431748153,4.0595099088817,4.34657024623657,4.67555934385522,-0.0760316324228238,-0.00238016034878452,-0.00775497362631761
"gaussian",0.961679245283019,101.283191957102,4.22057122064961,4.45153704636916,4.81592378124199,4.14037290237629,4.44834866837261,4.80815011865717,-0.0801983182733137,-0.00318837799655292,-0.00777366258481571
"gaussian",0.967899371069182,105.510780807018,4.32228212264744,4.57809396680781,4.9758575790739,4.2369819826153,4.57175276658616,4.96806790075046,-0.0853001400321363,-0.00634120022164542,-0.00778967832343991
"gaussian",0.974119496855346,110.615877558969,4.44837842487926,4.73572688601207,5.1760852786546,4.35473192387712,4.72667083862939,5.16828524021343,-0.0936465010021355,-0.00905604738268018,-0.00780003844116361
"gaussian",0.98033962264151,117.079587721921,4.61332537832527,4.93659023580426,5.44120136454183,4.50744078858821,4.9250434884238,5.43340345463278,-0.105884589737059,-0.0115467473804554,-0.0077979099090415
"gaussian",0.986559748427673,125.939177958263,4.84719611748094,5.22361237415099,5.82956688194129,4.72549303538118,5.21760924986905,5.81902745280579,-0.121703082099759,-0.00600312428193295,-0.0105394291354992
"gaussian",0.992779874213837,140.23596250523,5.24630504241118,5.71768577275281,6.51701983715389,5.09983398779499,5.7141620379451,6.49986400100988,-0.146471054616186,-0.00352373480771817,-0.0171558361440152
"gaussian",0.999,184.668269529032,6.76978837143246,7.57477773174932,9.21529201100955,6.49529957863615,7.57477773174932,9.18971589230831,-0.274488792796314,0,-0.0255761187012382
"truth",0.01,2.97109480506532,1.91705532321706,1.91705532321706,1.91705532321706,1.91705532321706,1.91705532321706,1.91705532321706,0,0,0
"truth",0.0162201257861635,3.83822167055874,1.98747637715694,1.98747637715694,1.98747637715694,1.98747637715694,1.98747637715694,1.98747637715694,0,0,0
"truth",0.022440251572327,4.56890077558951,2.03908472155532,2.03908472155532,2.03908472155532,2.03908472155532,2.03908472155532,2.03908472155532,0,0,0
"truth",0.0286603773584906,5.21846951654933,2.08068533928668,2.08068533928668,2.08068533928668,2.08068533928668,2.08068533928668,2.08068533928668,0,0,0
"truth",0.0348805031446541,5.81293976892968,2.1159869953649,2.1159869953649,2.1159869953649,2.1159869953649,2.1159869953649,2.1159869953649,0,0,0
"truth",0.0411006289308176,6.36700790199195,2.14692556392905,2.14692556392905,2.14692556392905,2.14692556392905,2.14692556392905,2.14692556392905,0,0,0
"truth",0.0473207547169811,6.88993774208713,2.17464760680293,2.17464760680293,2.17464760680293,2.17464760680293,2.17464760680293,2.17464760680293,0,0,0
"truth",0.0535408805031447,7.38801395382243,2.19989193367612,2.19989193367612,2.19989193367612,2.19989193367612,2.19989193367612,2.19989193367612,0,0,0
"truth",0.0597610062893082,7.86573228636115,2.22316434015521,2.22316434015521,2.22316434015521,2.22316434015521,2.22316434015521,2.22316434015521,0,0,0
"truth",0.0659811320754717,8.32644070102006,2.24482730846702,2.24482730846702,2.24482730846702,2.24482730846702,2.24482730846702,2.24482730846702,0,0,0
"truth",0.0722012578616352,8.77271244854428,2.26515009130507,2.26515009130507,2.26515009130507,2.26515009130507,2.26515009130507,2.26515009130507,0,0,0
"truth",0.0784213836477987,9.20657650106066,2.28433854518345,2.28433854518345,2.28433854518345,2.28433854518345,2.28433854518345,2.28433854518345,0,0,0
"truth",0.0846415094339623,9.62966680479462,2.30255384027192,2.30255384027192,2.30255384027192,2.30255384027192,2.30255384027192,2.30255384027192,0,0,0
"truth",0.0908616352201258,10.0433227790829,2.31992469771575,2.31992469771575,2.31992469771575,2.31992469771575,2.31992469771575,2.31992469771575,0,0,0
"truth",0.0970817610062893,10.4486592120205,2.33655567844641,2.33655567844641,2.33655567844641,2.33655567844641,2.33655567844641,2.33655567844641,0,0,0
"truth",0.103301886792453,10.8466162218279,2.35253296610994,2.35253296610994,2.35253296610994,2.35253296610994,2.35253296610994,2.35253296610994,0,0,0
"truth",0.109522012578616,11.2379958186225,2.36792850535789,2.36792850535789,2.36792850535789,2.36792850535789,2.36792850535789,2.36792850535789,0,0,0
"truth",0.11574213836478,11.6234892118866,2.38280302910426,2.38280302910426,2.38280302910426,2.38280302910426,2.38280302910426,2.38280302910426,0,0,0
"truth",0.121962264150943,12.0036975740855,2.39720831611863,2.39720831611863,2.39720831611863,2.39720831611863,2.39720831611863,2.39720831611863,0,0,0
"truth",0.128182389937107,12.379148080214,2.41118890353709,2.41118890353709,2.41118890353709,2.41118890353709,2.41118890353709,2.41118890353709,0,0,0
"truth",0.13440251572327,12.7503064738463,2.42478340572126,2.42478340572126,2.42478340572126,2.42478340572126,2.42478340572126,2.42478340572126,0,0,0
"truth",0.140622641509434,13.1175870370777,2.43802554382713,2.43802554382713,2.43802554382713,2.43802554382713,2.43802554382713,2.43802554382713,0,0,0
"truth",0.146842767295598,13.4813605914103,2.45094495942521,2.45094495942521,2.45094495942521,2.45094495942521,2.45094495942521,2.45094495942521,0,0,0
"truth",0.153062893081761,13.8419609852458,2.46356786462701,2.46356786462701,2.46356786462701,2.46356786462701,2.46356786462701,2.46356786462701,0,0,0
"truth",0.159283018867925,14.1996904041332,2.47591756683481,2.47591756683481,2.47591756683481,2.47591756683481,2.47591756683481,2.47591756683481,0,0,0
"truth",0.165503144654088,14.5548237551595,2.48801489621606,2.48801489621606,2.48801489621606,2.48801489621606,2.48801489621606,2.48801489621606,0,0,0
"truth",0.171723270440252,14.9076123158613,2.49987855689388,2.49987855689388,2.49987855689388,2.49987855689388,2.49987855689388,2.49987855689388,0,0,0
"truth",0.177943396226415,15.2582867934812,2.51152541772545,2.51152541772545,2.51152541772545,2.51152541772545,2.51152541772545,2.51152541772545,0,0,0
"truth",0.184163522012579,15.607059907462,2.52297075480247,2.52297075480247,2.52297075480247,2.52297075480247,2.52297075480247,2.52297075480247,0,0,0
"truth",0.190383647798742,15.9541285834256,2.53422845504666,2.53422845504666,2.53422845504666,2.53422845504666,2.53422845504666,2.53422845504666,0,0,0
"truth",0.196603773584906,16.2996758282494,2.54531118820907,2.54531118820907,2.54531118820907,2.54531118820907,2.54531118820907,2.54531118820907,0,0,0
"truth",0.202823899371069,16.6438723416131,2.55623055302328,2.55623055302328,2.55623055302328,2.55623055302328,2.55623055302328,2.55623055302328,0,0,0
"truth",0.209044025157233,16.98687790841,2.56699720207313,2.56699720207313,2.56699720207313,2.56699720207313,2.56699720207313,2.56699720207313,0,0,0
"truth",0.215264150943396,17.3288426078768,2.57762094902079,2.57762094902079,2.57762094902079,2.57762094902079,2.57762094902079,2.57762094902079,0,0,0
"truth",0.22148427672956,17.6699078685955,2.58811086112995,2.58811086112995,2.58811086112995,2.58811086112995,2.58811086112995,2.58811086112995,0,0,0
"truth",0.227704402515723,18.0102073932303,2.59847533946304,2.59847533946304,2.59847533946304,2.59847533946304,2.59847533946304,2.59847533946304,0,0,0
"truth",0.233924528301887,18.3498679726463,2.60872218869277,2.60872218869277,2.60872218869277,2.60872218869277,2.60872218869277,2.60872218869277,0,0,0
"truth",0.24014465408805,18.689010205683,2.61885867812022,2.61885867812022,2.61885867812022,2.61885867812022,2.61885867812022,2.61885867812022,0,0,0
"truth",0.246364779874214,19.0277491381328,2.62889159521329,2.62889159521329,2.62889159521329,2.62889159521329,2.62889159521329,2.62889159521329,0,0,0
"truth",0.252584905660377,19.3661948322651,2.6388272927554,2.6388272927554,2.6388272927554,2.6388272927554,2.6388272927554,2.6388272927554,0,0,0
"truth",0.258805031446541,19.7044528764376,2.64867173051337,2.64867173051337,2.64867173051337,2.64867173051337,2.64867173051337,2.64867173051337,0,0,0
"truth",0.265025157232704,20.0426248428563,2.65843051218579,2.65843051218579,2.65843051218579,2.65843051218579,2.65843051218579,2.65843051218579,0,0,0
"truth",0.271245283018868,20.3808087003316,2.66810891827265,2.66810891827265,2.66810891827265,2.66810891827265,2.66810891827265,2.66810891827265,0,0,0
"truth",0.277465408805031,20.7190991878655,2.67771193540804,2.67771193540804,2.67771193540804,2.67771193540804,2.67771193540804,2.67771193540804,0,0,0
"truth",0.283685534591195,21.0575881540717,2.68724428261554,2.68724428261554,2.68724428261554,2.68724428261554,2.68724428261554,2.68724428261554,0,0,0
"truth",0.289905660377358,21.3963648667245,2.69671043487823,2.69671043487823,2.69671043487823,2.69671043487823,2.69671043487823,2.69671043487823,0,0,0
"truth",0.296125786163522,21.7355162961495,2.70611464435835,2.70611464435835,2.70611464435835,2.70611464435835,2.70611464435835,2.70611464435835,0,0,0
"truth",0.302345911949686,22.075127375673,2.71546095955448,2.71546095955448,2.71546095955448,2.71546095955448,2.71546095955448,2.71546095955448,0,0,0
"truth",0.308566037735849,22.4152812419291,2.7247532426441,2.7247532426441,2.7247532426441,2.7247532426441,2.7247532426441,2.7247532426441,0,0,0
"truth",0.314786163522013,22.7560594574723,2.73399518522584,2.73399518522584,2.73399518522584,2.73399518522584,2.73399518522584,2.73399518522584,0,0,0
"truth",0.321006289308176,23.0975422178409,2.74319032264742,2.74319032264742,2.74319032264742,2.74319032264742,2.74319032264742,2.74319032264742,0,0,0
"truth",0.32722641509434,23.4398085449614,2.75234204708087,2.75234204708087,2.75234204708087,2.75234204708087,2.75234204708087,2.75234204708087,0,0,0
"truth",0.333446540880503,23.7829364685661,2.76145361948648,2.76145361948648,2.76145361948648,2.76145361948648,2.76145361948648,2.76145361948648,0,0,0
"truth",0.339666666666667,24.1270031971094,2.7705281805889,2.7705281805889,2.7705281805889,2.7705281805889,2.7705281805889,2.7705281805889,0,0,0
"truth",0.34588679245283,24.4720852795073,2.77956876097407,2.77956876097407,2.77956876097407,2.77956876097407,2.77956876097407,2.77956876097407,0,0,0
"truth",0.352106918238994,24.8182587588886,2.78857829040271,2.78857829040271,2.78857829040271,2.78857829040271,2.78857829040271,2.78857829040271,0,0,0
"truth",0.358327044025157,25.1655993194285,2.79755960642468,2.79755960642468,2.79755960642468,2.79755960642468,2.79755960642468,2.79755960642468,0,0,0
"truth",0.364547169811321,25.514182427233,2.80651546236935,2.80651546236935,2.80651546236935,2.80651546236935,2.80651546236935,2.80651546236935,0,0,0
"truth",0.370767295597484,25.8640834661573,2.81544853477836,2.81544853477836,2.81544853477836,2.81544853477836,2.81544853477836,2.81544853477836,0,0,0
"truth",0.376987421383648,26.2153778693679,2.82436143034031,2.82436143034031,2.82436143034031,2.82436143034031,2.82436143034031,2.82436143034031,0,0,0
"truth",0.383207547169811,26.5681412473922,2.83325669238035,2.83325669238035,2.83325669238035,2.83325669238035,2.83325669238035,2.83325669238035,0,0,0
"truth",0.389427672955975,26.9224495133498,2.84213680695242,2.84213680695242,2.84213680695242,2.84213680695242,2.84213680695242,2.84213680695242,0,0,0
"truth",0.395647798742138,27.2783790060108,2.8510042085771,2.8510042085771,2.8510042085771,2.8510042085771,2.8510042085771,2.8510042085771,0,0,0
"truth",0.401867924528302,27.6360066112917,2.85986128566383,2.85986128566383,2.85986128566383,2.85986128566383,2.85986128566383,2.85986128566383,0,0,0
"truth",0.408088050314465,27.9954098827662,2.86871038565275,2.86871038565275,2.86871038565275,2.86871038565275,2.86871038565275,2.86871038565275,0,0,0
"truth",0.414308176100629,28.3566671617459,2.8775538199083,2.8775538199083,2.8775538199083,2.8775538199083,2.8775538199083,2.8775538199083,0,0,0
"truth",0.420528301886792,28.719857697464,2.88639386839384,2.88639386839384,2.88639386839384,2.88639386839384,2.88639386839384,2.88639386839384,0,0,0
"truth",0.426748427672956,29.0850617678832,2.89523278415453,2.89523278415453,2.89523278415453,2.89523278415453,2.89523278415453,2.89523278415453,0,0,0
"truth",0.432968553459119,29.452360801637,2.90407279763316,2.90407279763316,2.90407279763316,2.90407279763316,2.90407279763316,2.90407279763316,0,0,0
"truth",0.439188679245283,29.8218375016123,2.91291612084244,2.91291612084244,2.91291612084244,2.91291612084244,2.91291612084244,2.91291612084244,0,0,0
"truth",0.445408805031447,30.1935759706762,2.92176495141522,2.92176495141522,2.92176495141522,2.92176495141522,2.92176495141522,2.92176495141522,0,0,0
"truth",0.45162893081761,30.5676618400565,2.93062147655319,2.93062147655319,2.93062147655319,2.93062147655319,2.93062147655319,2.93062147655319,0,0,0
"truth",0.457849056603774,30.944182400893,2.93948787689335,2.93948787689335,2.93948787689335,2.93948787689335,2.93948787689335,2.93948787689335,0,0,0
"truth",0.464069182389937,31.323226739485,2.94836633031078,2.94836633031078,2.94836633031078,2.94836633031078,2.94836633031078,2.94836633031078,0,0,0
"truth",0.470289308176101,31.7048858767809,2.95725901567531,2.95725901567531,2.95725901567531,2.95725901567531,2.95725901567531,2.95725901567531,0,0,0
"truth",0.476509433962264,32.0892529126728,2.96616811657946,2.96616811657946,2.96616811657946,2.96616811657946,2.96616811657946,2.96616811657946,0,0,0
"truth",0.482729559748428,32.4764231756826,2.9750958250543,2.9750958250543,2.9750958250543,2.9750958250543,2.9750958250543,2.9750958250543,0,0,0
"truth",0.488949685534591,32.8664943786587,2.98404434528977,2.98404434528977,2.98404434528977,2.98404434528977,2.98404434528977,2.98404434528977,0,0,0
"truth",0.495169811320755,33.2595667811319,2.99301589737605,2.99301589737605,2.99301589737605,2.99301589737605,2.99301589737605,2.99301589737605,0,0,0
"truth",0.501389937106918,33.6557433590205,3.00201272108224,3.00201272108224,3.00201272108224,3.00201272108224,3.00201272108224,3.00201272108224,0,0,0
"truth",0.507610062893082,34.0551299824184,3.01103707968903,3.01103707968903,3.01103707968903,3.01103707968903,3.01103707968903,3.01103707968903,0,0,0
"truth",0.513830188679245,34.45783560225,3.02009126389234,3.02009126389234,3.02009126389234,3.02009126389234,3.02009126389234,3.02009126389234,0,0,0
"truth",0.520050314465409,34.8639724466324,3.02917759579528,3.02917759579528,3.02917759579528,3.02917759579528,3.02917759579528,3.02917759579528,0,0,0
"truth",0.526270440251572,35.2736562278499,3.0382984330063,3.0382984330063,3.0382984330063,3.0382984330063,3.0382984330063,3.0382984330063,0,0,0
"truth",0.532490566037736,35.6870063609185,3.04745617286237,3.04745617286237,3.04745617286237,3.04745617286237,3.04745617286237,3.04745617286237,0,0,0
"truth",0.538710691823899,36.1041461947953,3.05665325679667,3.05665325679667,3.05665325679667,3.05665325679667,3.05665325679667,3.05665325679667,0,0,0
"truth",0.544930817610063,36.5252032573823,3.06589217487162,3.06589217487162,3.06589217487162,3.06589217487162,3.06589217487162,3.06589217487162,0,0,0
"truth",0.551150943396227,36.9503095155721,3.07517547049908,3.07517547049908,3.07517547049908,3.07517547049908,3.07517547049908,3.07517547049908,0,0,0
"truth",0.55737106918239,37.3796016516968,3.08450574537123,3.08450574537123,3.08450574537123,3.08450574537123,3.08450574537123,3.08450574537123,0,0,0
"truth",0.563591194968553,37.8132213578676,3.09388566462718,3.09388566462718,3.09388566462718,3.09388566462718,3.09388566462718,3.09388566462718,0,0,0
"truth",0.569811320754717,38.2513156498348,3.10331796228249,3.10331796228249,3.10331796228249,3.10331796228249,3.10331796228249,3.10331796228249,0,0,0
"truth",0.576031446540881,38.6940372021563,3.11280544695068,3.11280544695068,3.11280544695068,3.11280544695068,3.11280544695068,3.11280544695068,0,0,0
"truth",0.582251572327044,39.14154470664,3.12235100788876,3.12235100788876,3.12235100788876,3.12235100788876,3.12235100788876,3.12235100788876,0,0,0
"truth",0.588471698113208,39.5940032562249,3.13195762140111,3.13195762140111,3.13195762140111,3.13195762140111,3.13195762140111,3.13195762140111,0,0,0
"truth",0.594691823899371,40.0515847566925,3.14162835763992,3.14162835763992,3.14162835763992,3.14162835763992,3.14162835763992,3.14162835763992,0,0,0
"truth",0.600911949685535,40.5144683688495,3.15136638784344,3.15136638784344,3.15136638784344,3.15136638784344,3.15136638784344,3.15136638784344,0,0,0
"truth",0.607132075471698,40.982840984109,3.16117499205795,3.16117499205795,3.16117499205795,3.16117499205795,3.16117499205795,3.16117499205795,0,0,0
"truth",0.613352201257862,41.4568977367191,3.17105756739374,3.17105756739374,3.17105756739374,3.17105756739374,3.17105756739374,3.17105756739374,0,0,0
"truth",0.619572327044025,41.9368425562488,3.18101763687093,3.18101763687093,3.18101763687093,3.18101763687093,3.18101763687093,3.18101763687093,0,0,0
"truth",0.625792452830189,42.422888764355,3.19105885891699,3.19105885891699,3.19105885891699,3.19105885891699,3.19105885891699,3.19105885891699,0,0,0
"truth",0.632012578616352,42.9152597203184,3.20118503758464,3.20118503758464,3.20118503758464,3.20118503758464,3.20118503758464,3.20118503758464,0,0,0
"truth",0.638232704402516,43.4141895203672,3.21140013356681,3.21140013356681,3.21140013356681,3.21140013356681,3.21140013356681,3.21140013356681,0,0,0
"truth",0.644452830188679,43.9199237564116,3.22170827609428,3.22170827609428,3.22170827609428,3.22170827609428,3.22170827609428,3.22170827609428,0,0,0
"truth",0.650672955974843,44.4327203405001,3.23211377581167,3.23211377581167,3.23211377581167,3.23211377581167,3.23211377581167,3.23211377581167,0,0,0
"truth",0.656893081761006,44.9528504020976,3.24262113873961,3.24262113873961,3.24262113873961,3.24262113873961,3.24262113873961,3.24262113873961,0,0,0
"truth",0.66311320754717,45.4805992661867,3.25323508144376,3.25323508144376,3.25323508144376,3.25323508144376,3.25323508144376,3.25323508144376,0,0,0
"truth",0.669333333333333,46.0162675212326,3.26396054754744,3.26396054754744,3.26396054754744,3.26396054754744,3.26396054754744,3.26396054754744,0,0,0
"truth",0.675553459119497,46.5601721872471,3.27480272574191,3.27480272574191,3.27480272574191,3.27480272574191,3.27480272574191,3.27480272574191,0,0,0
"truth",0.68177358490566,47.1126479955644,3.28576706946913,3.28576706946913,3.28576706946913,3.28576706946913,3.28576706946913,3.28576706946913,0,0,0
"truth",0.687993710691824,47.6740487935412,3.29685931847566,3.29685931847566,3.29685931847566,3.29685931847566,3.29685931847566,3.29685931847566,0,0,0
"truth",0.694213836477988,48.2447490892452,3.30808552246363,3.30808552246363,3.30808552246363,3.30808552246363,3.30808552246363,3.30808552246363,0,0,0
"truth",0.700433962264151,48.8251457533543,3.31945206709737,3.31945206709737,3.31945206709737,3.31945206709737,3.31945206709737,3.31945206709737,0,0,0
"truth",0.706654088050314,49.4156598980085,3.33096570266099,3.33096570266099,3.33096570266099,3.33096570266099,3.33096570266099,3.33096570266099,0,0,0
"truth",0.712874213836478,50.0167389553037,3.34263357570694,3.34263357570694,3.34263357570694,3.34263357570694,3.34263357570694,3.34263357570694,0,0,0
"truth",0.719094339622642,50.6288589815856,3.3544632640862,3.3544632640862,3.3544632640862,3.3544632640862,3.3544632640862,3.3544632640862,0,0,0
"truth",0.725314465408805,51.252527217782,3.36646281581213,3.36646281581213,3.36646281581213,3.36646281581213,3.36646281581213,3.36646281581213,0,0,0
"truth",0.731534591194969,51.8882849408456,3.37864079228124,3.37864079228124,3.37864079228124,3.37864079228124,3.37864079228124,3.37864079228124,0,0,0
"truth",0.737754716981132,52.5367106471122,3.3910063164594,3.3910063164594,3.3910063164594,3.3910063164594,3.3910063164594,3.3910063164594,0,0,0
"truth",0.743974842767296,53.1984236152126,3.40356912674334,3.40356912674334,3.40356912674334,3.40356912674334,3.40356912674334,3.40356912674334,0,0,0
"truth",0.750194968553459,53.8740879043488,3.41633963732825,3.41633963732825,3.41633963732825,3.41633963732825,3.41633963732825,3.41633963732825,0,0,0
"truth",0.756415094339623,54.5644168535636,3.42932900605777,3.42932900605777,3.42932900605777,3.42932900605777,3.42932900605777,3.42932900605777,0,0,0
"truth",0.762635220125786,55.2701781594787,3.44254921090788,3.44254921090788,3.44254921090788,3.44254921090788,3.44254921090788,3.44254921090788,0,0,0
"truth",0.76885534591195,55.9921996243264,3.45601313646833,3.45601313646833,3.45601313646833,3.45601313646833,3.45601313646833,3.45601313646833,0,0,0
"truth",0.775075471698113,56.7313756835846,3.4697346720438,3.4697346720438,3.4697346720438,3.4697346720438,3.4697346720438,3.4697346720438,0,0,0
"truth",0.781295597484277,57.4886748439084,3.48372882331226,3.48372882331226,3.48372882331226,3.48372882331226,3.48372882331226,3.48372882331226,0,0,0
"truth",0.78751572327044,58.2651481883734,3.49801183986683,3.49801183986683,3.49801183986683,3.49801183986683,3.49801183986683,3.49801183986683,0,0,0
"truth",0.793735849056604,59.0619391385962,3.51260136144687,3.51260136144687,3.51260136144687,3.51260136144687,3.51260136144687,3.51260136144687,0,0,0
"truth",0.799955974842767,59.8802947038101,3.52751658626104,3.52751658626104,3.52751658626104,3.52751658626104,3.52751658626104,3.52751658626104,0,0,0
"truth",0.806176100628931,60.721578497699,3.5427784655513,3.5427784655513,3.5427784655513,3.5427784655513,3.5427784655513,3.5427784655513,0,0,0
"truth",0.812396226415094,61.5872858677184,3.55840992948743,3.55840992948743,3.55840992948743,3.55840992948743,3.55840992948743,3.55840992948743,0,0,0
"truth",0.818616352201258,62.47906156277,3.57443615067317,3.57443615067317,3.57443615067317,3.57443615067317,3.57443615067317,3.57443615067317,0,0,0
"truth",0.824836477987421,63.3987204688299,3.59088485306844,3.59088485306844,3.59088485306844,3.59088485306844,3.59088485306844,3.59088485306844,0,0,0
"truth",0.831056603773585,64.3482720758053,3.60778667609249,3.60778667609249,3.60778667609249,3.60778667609249,3.60778667609249,3.60778667609249,0,0,0
"truth",0.837276729559749,65.3299495126019,3.62517560621864,3.62517560621864,3.62517560621864,3.62517560621864,3.62517560621864,3.62517560621864,0,0,0
"truth",0.843496855345912,66.3462442151501,3.64308949170537,3.64308949170537,3.64308949170537,3.64308949170537,3.64308949170537,3.64308949170537,0,0,0
"truth",0.849716981132075,67.3999475936485,3.66157066051938,3.66157066051938,3.66157066051938,3.66157066051938,3.66157066051938,3.66157066051938,0,0,0
"truth",0.855937106918239,68.4942014685806,3.68066666739853,3.68066666739853,3.68066666739853,3.68066666739853,3.68066666739853,3.68066666739853,0,0,0
"truth",0.862157232704403,69.6325595904959,3.70043120396518,3.70043120396518,3.70043120396518,3.70043120396518,3.70043120396518,3.70043120396518,0,0,0
"truth",0.868377358490566,70.8190633051435,3.72092521668769,3.72092521668769,3.72092521668769,3.72092521668769,3.72092521668769,3.72092521668769,0,0,0
"truth",0.87459748427673,72.0583354608432,3.74221829256866,3.74221829256866,3.74221829256866,3.74221829256866,3.74221829256866,3.74221829256866,0,0,0
"truth",0.880817610062893,73.3556981110481,3.76439039362647,3.76439039362647,3.76439039362647,3.76439039362647,3.76439039362647,3.76439039362647,0,0,0
"truth",0.887037735849057,74.7173216447181,3.78753405146336,3.78753405146336,3.78753405146336,3.78753405146336,3.78753405146336,3.78753405146336,0,0,0
"truth",0.89325786163522,76.1504159980973,3.81175717707097,3.81175717707097,3.81175717707097,3.81175717707097,3.81175717707097,3.81175717707097,0,0,0
"truth",0.899477987421384,77.6634790722015,3.83718670584967,3.83718670584967,3.83718670584967,3.83718670584967,3.83718670584967,3.83718670584967,0,0,0
"truth",0.905698113207547,79.2666242341426,3.86397339562584,3.86397339562584,3.86397339562584,3.86397339562584,3.86397339562584,3.86397339562584,0,0,0
"truth",0.911918238993711,80.972019219694,3.89229824643364,3.89229824643364,3.89229824643364,3.89229824643364,3.89229824643364,3.89229824643364,0,0,0
"truth",0.918138364779874,82.794485309684,3.92238124993846,3.92238124993846,3.92238124993846,3.92238124993846,3.92238124993846,3.92238124993846,0,0,0
"truth",0.924358490566038,84.7523326778627,3.95449356615299,3.95449356615299,3.95449356615299,3.95449356615299,3.95449356615299,3.95449356615299,0,0,0
"truth",0.930578616352201,86.8685534005477,3.98897488168576,3.98897488168576,3.98897488168576,3.98897488168576,3.98897488168576,3.98897488168576,0,0,0
"truth",0.936798742138365,89.1725734985249,4.0262588523253,4.0262588523253,4.0262588523253,4.0262588523253,4.0262588523253,4.0262588523253,0,0,0
"truth",0.943018867924528,91.7029116145117,4.06691163189626,4.06691163189626,4.06691163189626,4.06691163189626,4.06691163189626,4.06691163189626,0,0,0
"truth",0.949238993710692,94.5113738213916,4.11169252867079,4.11169252867079,4.11169252867079,4.11169252867079,4.11169252867079,4.11169252867079,0,0,0
"truth",0.955459119496855,97.6699920835056,4.16165409777938,4.16165409777938,4.16165409777938,4.16165409777938,4.16165409777938,4.16165409777938,0,0,0
"truth",0.961679245283019,101.283191957102,4.21831722017388,4.21831722017388,4.21831722017388,4.21831722017388,4.21831722017388,4.21831722017388,0,0,0
"truth",0.967899371069182,105.510780807018,4.28400094830367,4.28400094830367,4.28400094830367,4.28400094830367,4.28400094830367,4.28400094830367,0,0,0
"truth",0.974119496855346,110.615877558969,4.36250807444346,4.36250807444346,4.36250807444346,4.36250807444346,4.36250807444346,4.36250807444346,0,0,0
"truth",0.98033962264151,117.079587721921,4.46075953767275,4.46075953767275,4.46075953767275,4.46075953767275,4.46075953767275,4.46075953767275,0,0,0
"truth",0.986559748427673,125.939177958263,4.59359373493624,4.59359373493624,4.59359373493624,4.59359373493624,4.59359373493624,4.59359373493624,0,0,0
"truth",0.992779874213837,140.23596250523,4.80420025064174,4.80420025064174,4.80420025064174,4.80420025064174,4.80420025064174,4.80420025064174,0,0,0
"truth",0.999,184.668269529032,5.43838427024312,5.43838427024312,5.43838427024312,5.43838427024312,5.43838427024312,5.43838427024312,0,0,0
