"arm","probability","CRP","lower","median","upper"
"flexible",0.01,2.97109480506532,1.78896259603033,1.96040430586149,2.07921847090942
"gaussian",0.01,2.97109480506532,2.25210615821598,2.37611015796703,2.48282419882121
"truth",0.01,2.97109480506532,1.91705532321706,1.91705532321706,1.91705532321706
"flexible",0.0162201257861635,3.83822167055874,1.86435334796497,2.02784777283498,2.14294130633164
"gaussian",0.0162201257861635,3.83822167055874,2.26721871674502,2.38986605522967,2.49530484742353
"truth",0.0162201257861635,3.83822167055874,1.98747637715694,1.98747637715694,1.98747637715694
"flexible",0.022440251572327,4.56890077558951,1.91985786271916,2.07810631090976,2.18971107320821
"gaussian",0.022440251572327,4.56890077558951,2.2800319468574,2.40117572039921,2.50579461045035
"truth",0.022440251572327,4.56890077558951,2.03908472155532,2.03908472155532,2.03908472155532
"flexible",0.0286603773584906,5.21846951654933,1.96475210491759,2.1207096401909,2.22728499175831
"gaussian",0.0286603773584906,5.21846951654933,2.29148362884974,2.41093564123964,2.51515698696707
"truth",0.0286603773584906,5.21846951654933,2.08068533928668,2.08068533928668,2.08068533928668
"flexible",0.0348805031446541,5.81293976892968,2.00295395441709,2.15585001117466,2.25908336376403
"gaussian",0.0348805031446541,5.81293976892968,2.30201435626428,2.41990267320351,2.5237558929095
"truth",0.0348805031446541,5.81293976892968,2.1159869953649,2.1159869953649,2.1159869953649
"flexible",0.0411006289308176,6.36700790199195,2.03651260968645,2.18530988046833,2.28689064315056
"gaussian",0.0411006289308176,6.36700790199195,2.31187296274981,2.42889281757954,2.53179687686164
"truth",0.0411006289308176,6.36700790199195,2.14692556392905,2.14692556392905,2.14692556392905
"flexible",0.0473207547169811,6.88993774208713,2.06664374451307,2.21168358433022,2.31223876019127
"gaussian",0.0473207547169811,6.88993774208713,2.32121625776802,2.43766737009161,2.53940947933998
"truth",0.0473207547169811,6.88993774208713,2.17464760680293,2.17464760680293,2.17464760680293
"flexible",0.0535408805031447,7.38801395382243,2.09413178531172,2.2356811201209,2.33597324286906
"gaussian",0.0535408805031447,7.38801395382243,2.33015060695232,2.44605437737623,2.546681571613
"truth",0.0535408805031447,7.38801395382243,2.19989193367612,2.19989193367612,2.19989193367612
"flexible",0.0597610062893082,7.86573228636115,2.11951440102081,2.25778830429252,2.35801490642065
"gaussian",0.0597610062893082,7.86573228636115,2.33875209872664,2.45412570666925,2.55367601145339
"truth",0.0597610062893082,7.86573228636115,2.22316434015521,2.22316434015521,2.22316434015521
"flexible",0.0659811320754717,8.32644070102006,2.14317732515835,2.27835313980268,2.37851056734613
"gaussian",0.0659811320754717,8.32644070102006,2.34707740398751,2.46152741681921,2.56043961290935
"truth",0.0659811320754717,8.32644070102006,2.24482730846702,2.24482730846702,2.24482730846702
"flexible",0.0722012578616352,8.77271244854428,2.16540735533891,2.29763401649887,2.39754968547888
"gaussian",0.0722012578616352,8.77271244854428,2.35512011309003,2.46849755182611,2.56700836482502
"truth",0.0722012578616352,8.77271244854428,2.26515009130507,2.26515009130507,2.26515009130507
"flexible",0.0784213836477987,9.20657650106066,2.18642395316633,2.31582841073934,2.41431936254631
"gaussian",0.0784213836477987,9.20657650106066,2.36292255217359,2.47525608767304,2.57341065343171
"truth",0.0784213836477987,9.20657650106066,2.28433854518345,2.28433854518345,2.28433854518345
"flexible",0.0846415094339623,9.62966680479462,2.20639907877688,2.33309087754214,2.43052130913866
"gaussian",0.0846415094339623,9.62966680479462,2.37055617204891,2.48186470062786,2.57966934924586
"truth",0.0846415094339623,9.62966680479462,2.30255384027192,2.30255384027192,2.30255384027192
"flexible",0.0908616352201258,10.0433227790829,2.22547017381764,2.350354741125,2.44603410436289
"gaussian",0.0908616352201258,10.0433227790829,2.37804345081017,2.48834309030786,2.58580321201663
"truth",0.0908616352201258,10.0433227790829,2.31992469771575,2.31992469771575,2.31992469771575
"flexible",0.0970817610062893,10.4486592120205,2.24374896156873,2.36735910698517,2.46153500393151
"gaussian",0.0970817610062893,10.4486592120205,2.38540311773621,2.49466612047378,2.59182786767351
"truth",0.0970817610062893,10.4486592120205,2.33655567844641,2.33655567844641,2.33655567844641
"flexible",0.103301886792453,10.8466162218279,2.26132759063919,2.38369560409485,2.47685468096464
"gaussian",0.103301886792453,10.8466162218279,2.39265098905387,2.5008509434246,2.5977565065306
"truth",0.103301886792453,10.8466162218279,2.35253296610994,2.35253296610994,2.35253296610994
"flexible",0.109522012578616,11.2379958186225,2.27828303411547,2.39943773210289,2.49160742109679
"gaussian",0.109522012578616,11.2379958186225,2.39980057942301,2.50694854813234,2.60360039415326
"truth",0.109522012578616,11.2379958186225,2.36792850535789,2.36792850535789,2.36792850535789
"flexible",0.11574213836478,11.6234892118866,2.29468030948479,2.41464753799395,2.50585244611523
"gaussian",0.11574213836478,11.6234892118866,2.40686355856009,2.51296902803229,2.60936925286304
"truth",0.11574213836478,11.6234892118866,2.38280302910426,2.38280302910426,2.38280302910426
"flexible",0.121962264150943,12.0036975740855,2.31057488120338,2.42937792201114,2.51964022796566
"gaussian",0.121962264150943,12.0036975740855,2.41385009838162,2.51892117693602,2.61507155178422
"truth",0.121962264150943,12.0036975740855,2.39720831611863,2.39720831611863,2.39720831611863
"flexible",0.128182389937107,12.379148080214,2.32601448410549,2.44367438686344,2.53301416428179
"gaussian",0.128182389937107,12.379148080214,2.42076914113086,2.52481272144496,2.62071473087667
"truth",0.128182389937107,12.379148080214,2.41118890353709,2.41118890353709,2.41118890353709
"flexible",0.13440251572327,12.7503064738463,2.34104052834512,2.45757638487187,2.54601186837596
"gaussian",0.13440251572327,12.7503064738463,2.42762860941898,2.53065050301774,2.6263053764389
"truth",0.13440251572327,12.7503064738463,2.42478340572126,2.42478340572126,2.42478340572126
"flexible",0.140622641509434,13.1175870370777,2.35568919666786,2.47111836963996,2.55866617598413
"gaussian",0.140622641509434,13.1175870370777,2.4344355728633,2.53644062241565,2.63184936034604
"truth",0.140622641509434,13.1175870370777,2.43802554382713,2.43802554382713,2.43802554382713
"flexible",0.146842767295598,13.4813605914103,2.36999231191269,2.48423711454627,2.57100594063239
"gaussian",0.146842767295598,13.4813605914103,2.44119638181425,2.54233193313619,2.63735195178715
"truth",0.146842767295598,13.4813605914103,2.45094495942521,2.45094495942521,2.45094495942521
"flexible",0.153062893081761,13.8419609852458,2.38397803048277,2.49590039297927,2.58307580201914
"gaussian",0.153062893081761,13.8419609852458,2.44791677579384,2.54828389778048,2.64281790787002
"truth",0.153062893081761,13.8419609852458,2.46356786462701,2.46356786462701,2.46356786462701
"flexible",0.159283018867925,14.1996904041332,2.39767140230571,2.50730642722949,2.59494007700782
"gaussian",0.159283018867925,14.1996904041332,2.45460197226814,2.55420224611704,2.64825154779061
"truth",0.159283018867925,14.1996904041332,2.47591756683481,2.47591756683481,2.47591756683481
"flexible",0.165503144654088,14.5548237551595,2.41109482716774,2.51847478384685,2.60655715530126
"gaussian",0.165503144654088,14.5548237551595,2.46125673995806,2.56009124328704,2.65365681407963
"truth",0.165503144654088,14.5548237551595,2.48801489621606,2.48801489621606,2.48801489621606
"flexible",0.171723270440252,14.9076123158613,2.4242684297543,2.52979596424188,2.61794530479352
"gaussian",0.171723270440252,14.9076123158613,2.46788545987162,2.56595480422439,2.65903732358601
"truth",0.171723270440252,14.9076123158613,2.49987855689388,2.49987855689388,2.49987855689388
"flexible",0.177943396226415,15.2582867934812,2.43721037028842,2.54112944913487,2.6291209959147
"gaussian",0.177943396226415,15.2582867934812,2.47449217649591,2.57179653973221,2.66439641023427
"truth",0.177943396226415,15.2582867934812,2.51152541772545,2.51152541772545,2.51152541772545
"flexible",0.184163522012579,15.607059907462,2.44993710368528,2.55226516077458,2.63990511721269
"gaussian",0.184163522012579,15.607059907462,2.48108064103607,2.57761979539662,2.66984114583105
"truth",0.184163522012579,15.607059907462,2.52297075480247,2.52297075480247,2.52297075480247
"flexible",0.190383647798742,15.9541285834256,2.46246359720504,2.56370263880222,2.65041944518594
"gaussian",0.190383647798742,15.9541285834256,2.48765434817609,2.58342768466576,2.67542294415325
"truth",0.190383647798742,15.9541285834256,2.53422845504666,2.53422845504666,2.53422845504666
"flexible",0.196603773584906,16.2996758282494,2.47459357416365,2.57425420266461,2.66079366275065
"gaussian",0.196603773584906,16.2996758282494,2.49421656752532,2.58922311714164,2.68099190732614
"truth",0.196603773584906,16.2996758282494,2.54531118820907,2.54531118820907,2.54531118820907
"flexible",0.202823899371069,16.6438723416131,2.48637942851754,2.58462771734529,2.67106623140313
"gaussian",0.202823899371069,16.6438723416131,2.50077037067575,2.59500882291801,2.68655066585395
"truth",0.202823899371069,16.6438723416131,2.55623055302328,2.55623055302328,2.55623055302328
"flexible",0.209044025157233,16.98687790841,2.49800651170042,2.59507678763129,2.68119094619762
"gaussian",0.209044025157233,16.98687790841,2.50731099738935,2.60075221112332,2.69210169637643
"truth",0.209044025157233,16.98687790841,2.56699720207313,2.56699720207313,2.56699720207313
"flexible",0.215264150943396,17.3288426078768,2.50948515212004,2.60524952999454,2.69117722580823
"gaussian",0.215264150943396,17.3288426078768,2.51379501319651,2.60639833694117,2.69764733938199
"truth",0.215264150943396,17.3288426078768,2.57762094902079,2.57762094902079,2.57762094902079
"flexible",0.22148427672956,17.6699078685955,2.52082489788,2.61520948395991,2.70103376886381
"gaussian",0.22148427672956,17.6699078685955,2.5202787305283,2.61215009526613,2.7031898146855
"truth",0.22148427672956,17.6699078685955,2.58811086112995,2.58811086112995,2.58811086112995
"flexible",0.227704402515723,18.0102073932303,2.53203460058905,2.62456162163773,2.71076863134597
"gaussian",0.227704402515723,18.0102073932303,2.52676461182189,2.61790162038358,2.70873123501853
"truth",0.227704402515723,18.0102073932303,2.59847533946304,2.59847533946304,2.59847533946304
"flexible",0.233924528301887,18.3498679726463,2.54312248833674,2.63392453710328,2.72038929394953
"gaussian",0.233924528301887,18.3498679726463,2.53325501333262,2.62365500474355,2.7142736180182
"truth",0.233924528301887,18.3498679726463,2.60872218869277,2.60872218869277,2.60872218869277
"flexible",0.24014465408805,18.689010205683,2.55409622949449,2.64345419667599,2.72990272094515
"gaussian",0.24014465408805,18.689010205683,2.53975219727542,2.62941225434838,2.71981889685192
"truth",0.24014465408805,18.689010205683,2.61885867812022,2.61885867812022,2.61885867812022
"flexible",0.246364779874214,19.0277491381328,2.56496298871162,2.65294736200198,2.73931541181522
"gaussian",0.246364779874214,19.0277491381328,2.5462583426426,2.63517529850426,2.7253689296754
"truth",0.246364779874214,19.0277491381328,2.62889159521329,2.62889159521329,2.62889159521329
"flexible",0.252584905660377,19.3661948322651,2.57572947624266,2.66222030697177,2.74863344671663
"gaussian",0.252584905660377,19.3661948322651,2.55277555488659,2.64094599854291,2.73092550808957
"truth",0.252584905660377,19.3661948322651,2.6388272927554,2.6388272927554,2.6388272927554
"flexible",0.258805031446541,19.7044528764376,2.58640199155356,2.67146848367875,2.75786252664917
"gaussian",0.258805031446541,19.7044528764376,2.55930587462596,2.64664672663196,2.73649036473542
"truth",0.258805031446541,19.7044528764376,2.64867173051337,2.64867173051337,2.64867173051337
"flexible",0.265025157232704,20.0426248428563,2.59698646200092,2.68101958219301,2.76700800906565
"gaussian",0.265025157232704,20.0426248428563,2.56585128550878,2.65223056001108,2.74206518014453
"truth",0.265025157232704,20.0426248428563,2.65843051218579,2.65843051218579,2.65843051218579
"flexible",0.271245283018868,20.3808087003316,2.60748847725279,2.6912080113489,2.77616438976551
"gaussian",0.271245283018868,20.3808087003316,2.5724137213473,2.65782646151943,2.74765158894544
"truth",0.271245283018868,20.3808087003316,2.66810891827265,2.66810891827265,2.66810891827265
"flexible",0.277465408805031,20.7190991878655,2.61791332001611,2.70131860443642,2.78554149053934
"gaussian",0.277465408805031,20.7190991878655,2.57899507262124,2.66343603048198,2.75325118551116
"truth",0.277465408805031,20.7190991878655,2.67771193540804,2.67771193540804,2.67771193540804
"flexible",0.283685534591195,21.0575881540717,2.6282659935507,2.71060524301806,2.7948476375625
"gaussian",0.283685534591195,21.0575881540717,2.58559719243317,2.66906083158348,2.75886552912104
"truth",0.283685534591195,21.0575881540717,2.68724428261554,2.68724428261554,2.68724428261554
"flexible",0.289905660377358,21.3963648667245,2.63791978505389,2.71943505576565,2.80408724930645
"gaussian",0.289905660377358,21.3963648667245,2.59222190198795,2.67470239960382,2.76449614870018
"truth",0.289905660377358,21.3963648667245,2.69671043487823,2.69671043487823,2.69671043487823
"flexible",0.296125786163522,21.7355162961495,2.64728310118909,2.72820454504847,2.8132645225378
"gaussian",0.296125786163522,21.7355162961495,2.59887099565839,2.6803622437873,2.7701445471908
"truth",0.296125786163522,21.7355162961495,2.70611464435835,2.70611464435835,2.70611464435835
"flexible",0.302345911949686,22.075127375673,2.65658985395233,2.73691754429008,2.82238345133391
"gaussian",0.302345911949686,22.075127375673,2.60525278724082,2.68604185189314,2.77581220560314
"truth",0.302345911949686,22.075127375673,2.71546095955448,2.71546095955448,2.71546095955448
"flexible",0.308566037735849,22.4152812419291,2.66584386626217,2.74557770824632,2.83144784429344
"gaussian",0.308566037735849,22.4152812419291,2.61145385198513,2.69174269396845,2.78151520986978
"truth",0.308566037735849,22.4152812419291,2.7247532426441,2.7247532426441,2.7247532426441
"flexible",0.314786163522013,22.7560594574723,2.6750487931478,2.75418852802918,2.84046134015491
"gaussian",0.314786163522013,22.7560594574723,2.61768115505755,2.69746622587991,2.78767060580113
"truth",0.314786163522013,22.7560594574723,2.73399518522584,2.73399518522584,2.73399518522584
"flexible",0.321006289308176,23.0975422178409,2.68420813588466,2.76275334477585,2.84942742200835
"gaussian",0.321006289308176,23.0975422178409,2.62393628476929,2.70321389263602,2.79385243285954
"truth",0.321006289308176,23.0975422178409,2.74319032264742,2.74319032264742,2.74319032264742
"flexible",0.32722641509434,23.4398085449614,2.69308174163133,2.77127536211772,2.85834943026071
"gaussian",0.32722641509434,23.4398085449614,2.63022082262538,2.70898713152833,2.80006224196306
"truth",0.32722641509434,23.4398085449614,2.75234204708087,2.75234204708087,2.75234204708087
"flexible",0.333446540880503,23.7829364685661,2.70181440238861,2.77975765758448,2.86723057449548
"gaussian",0.333446540880503,23.7829364685661,2.63653634657396,2.7147873751166,2.80630157941931
"truth",0.333446540880503,23.7829364685661,2.76145361948648,2.76145361948648,2.76145361948648
"flexible",0.339666666666667,24.1270031971094,2.710511397198,2.78820319306183,2.87607394434953
"gaussian",0.339666666666667,24.1270031971094,2.6428632329323,2.72061605408062,2.81257198999396
"truth",0.339666666666667,24.1270031971094,2.7705281805889,2.7705281805889,2.7705281805889
"flexible",0.34588679245283,24.4720852795073,2.71917563276743,2.79661482440634,2.88488251951496
"gaussian",0.34588679245283,24.4720852795073,2.64909920786962,2.72647459995879,2.81887501985916
"truth",0.34588679245283,24.4720852795073,2.77956876097407,2.77956876097407,2.77956876097407
"flexible",0.352106918238994,24.8182587588886,2.72780991891118,2.80499531030933,2.89365917896108
"gaussian",0.352106918238994,24.8182587588886,2.65536969502013,2.73231359259233,2.8252122194416
"truth",0.352106918238994,24.8182587588886,2.78857829040271,2.78857829040271,2.78857829040271
"flexible",0.358327044025157,25.1655993194285,2.73641697681847,2.81383979624651,2.90240670946046
"gaussian",0.358327044025157,25.1655993194285,2.66167624554755,2.73793621668475,2.8315851461881
"truth",0.358327044025157,25.1655993194285,2.79755960642468,2.79755960642468,2.79755960642468
"flexible",0.364547169811321,25.514182427233,2.74499944672251,2.82281961116372,2.91112781349348
"gaussian",0.364547169811321,25.514182427233,2.66802042095286,2.74359473496316,2.83799536726535
"truth",0.364547169811321,25.514182427233,2.80651546236935,2.80651546236935,2.80651546236935
"flexible",0.370767295597484,25.8640834661573,2.75355989503405,2.83177644728105,2.91982511659749
"gaussian",0.370767295597484,25.8640834661573,2.67440379570758,2.74962075785394,2.84444446220887
"truth",0.370767295597484,25.8640834661573,2.81544853477836,2.81544853477836,2.81544853477836
"flexible",0.376987421383648,26.2153778693679,2.76210082099622,2.84071291945256,2.92850117421946
"gaussian",0.376987421383648,26.2153778693679,2.68082795985328,2.75568409712143,2.85093402553572
"truth",0.376987421383648,26.2153778693679,2.82436143034031,2.82436143034031,2.82436143034031
"flexible",0.383207547169811,26.5681412473922,2.77062466291199,2.8496315788434,2.93715847812491
"gaussian",0.383207547169811,26.5681412473922,2.6872945215804,2.76178625057133,2.8574656693341
"truth",0.383207547169811,26.5681412473922,2.83325669238035,2.83325669238035,2.83325669238035
"flexible",0.389427672955975,26.9224495133498,2.77913380398962,2.8585349190441,2.94579946241035
"gaussian",0.389427672955975,26.9224495133498,2.69380510979913,2.7679287343117,2.86404102584263
"truth",0.389427672955975,26.9224495133498,2.84213680695242,2.84213680695242,2.84213680695242
"flexible",0.395647798742138,27.2783790060108,2.78763057784771,2.86742538182894,2.95442650916183
"gaussian",0.395647798742138,27.2783790060108,2.70036137671436,2.77411308515106,2.87066175003149
"truth",0.395647798742138,27.2783790060108,2.8510042085771,2.8510042085771,2.8510042085771
"flexible",0.401867924528302,27.6360066112917,2.79611727371685,2.87630536259712,2.96304195379808
"gaussian",0.401867924528302,27.6360066112917,2.70696500041624,2.78034086300759,2.87732952219717
"truth",0.401867924528302,27.6360066112917,2.85986128566383,2.85986128566383,2.85986128566383
"flexible",0.408088050314465,27.9954098827662,2.80459614137176,2.88517721553232,2.9723788144709
"gaussian",0.408088050314465,27.9954098827662,2.71361768749794,2.78661365334013,2.88404605058209
"truth",0.408088050314465,27.9954098827662,2.86871038565275,2.86871038565275,2.86871038565275
"flexible",0.414308176100629,28.3566671617459,2.81306939582483,2.89415825245687,2.98171866101132
"gaussian",0.414308176100629,28.3566671617459,2.72032117571166,2.79293306961142,2.8908130740306
"truth",0.414308176100629,28.3566671617459,2.8775538199083,2.8775538199083,2.8775538199083
"flexible",0.420528301886792,28.719857697464,2.82153922180904,2.90342719675529,2.99105550905234
"gaussian",0.420528301886792,28.719857697464,2.72707723667393,2.79930075579378,2.8976323646922
"truth",0.420528301886792,28.719857697464,2.88639386839384,2.88639386839384,2.88639386839384
"flexible",0.426748427672956,29.0850617678832,2.83095086794583,2.9123348511202,3.00039173624934
"gaussian",0.426748427672956,29.0850617678832,2.73388767863162,2.80571838892782,2.90450573078343
"truth",0.426748427672956,29.0850617678832,2.89523278415453,2.89523278415453,2.89523278415453
"flexible",0.432968553459119,29.452360801637,2.84062502126109,2.92124373550699,3.00972969698034
"gaussian",0.432968553459119,29.452360801637,2.74075434929965,2.81218768174446,2.91143501941941
"truth",0.432968553459119,29.452360801637,2.90407279763316,2.90407279763316,2.90407279763316
"flexible",0.439188679245283,29.8218375016123,2.85030655633035,2.93015607973721,3.01907172674226
"gaussian",0.439188679245283,29.8218375016123,2.74767913878195,2.81871038536082,2.91842211952669
"truth",0.439188679245283,29.8218375016123,2.91291612084244,2.91291612084244,2.91291612084244
"flexible",0.445408805031447,30.1935759706762,2.85999787507954,2.93907409925908,3.02842014642038
"gaussian",0.445408805031447,30.1935759706762,2.75466398258751,2.82528829206103,2.92546896484902
"truth",0.445408805031447,30.1935759706762,2.92176495141522,2.92176495141522,2.92176495141522
"flexible",0.45162893081761,30.5676618400565,2.86969505205076,2.94799999912752,3.03777726645252
"gaussian",0.45162893081761,30.5676618400565,2.7616802378257,2.83192323817297,2.93257753705822
"truth",0.45162893081761,30.5676618400565,2.93062147655319,2.93062147655319,2.93062147655319
"flexible",0.457849056603774,30.944182400893,2.87937518203399,2.95626044646826,3.04714539090829
"gaussian",0.457849056603774,30.944182400893,2.76865491813324,2.83861710705268,2.93974986898267
"truth",0.457849056603774,30.944182400893,2.93948787689335,2.93948787689335,2.93948787689335
"flexible",0.464069182389937,31.323226739485,2.88813121567767,2.96435213869481,3.05652682150283
"gaussian",0.464069182389937,31.323226739485,2.77569414605961,2.84537183218854,2.94698804796662
"truth",0.464069182389937,31.323226739485,2.94836633031078,2.94836633031078,2.94836633031078
"flexible",0.470289308176101,31.7048858767809,2.89652883866867,2.97245422329375,3.06589728050717
"gaussian",0.470289308176101,31.7048858767809,2.78280002099369,2.85244509270418,2.95429421937415
"truth",0.470289308176101,31.7048858767809,2.95725901567531,2.95725901567531,2.95725901567531
"flexible",0.476509433962264,32.0892529126728,2.90494101025627,2.98056868518876,3.07447673315615
"gaussian",0.476509433962264,32.0892529126728,2.7899747030051,2.8600964165196,2.96167059025226
"truth",0.476509433962264,32.0892529126728,2.96616811657946,2.96616811657946,2.96616811657946
"flexible",0.482729559748428,32.4764231756826,2.9133697972621,2.98869751447669,3.08307218867652
"gaussian",0.482729559748428,32.4764231756826,2.79722041660944,2.86782457957341,2.96911943316883
"truth",0.482729559748428,32.4764231756826,2.9750958250543,2.9750958250543,2.9750958250543
"flexible",0.488949685534591,32.8664943786587,2.92181727705611,2.9968427098102,3.09168576266358
"gaussian",0.488949685534591,32.8664943786587,2.80453945472182,2.87563205819748,2.97664309024161
"truth",0.488949685534591,32.8664943786587,2.98404434528977,2.98404434528977,2.98404434528977
"flexible",0.495169811320755,33.2595667811319,2.93028554108281,3.00500628179148,3.10031958414019
"gaussian",0.495169811320755,33.2595667811319,2.81193418281631,2.88352140775683,2.98424397737617
"truth",0.495169811320755,33.2595667811319,2.99301589737605,2.99301589737605,2.99301589737605
"flexible",0.501389937106918,33.6557433590205,2.93877669841969,3.01319025639204,3.10897579917849
"gaussian",0.501389937106918,33.6557433590205,2.8193484969586,2.89047593114333,2.99192458873164
"truth",0.501389937106918,33.6557433590205,3.00201272108224,3.00201272108224,3.00201272108224
"flexible",0.507610062893082,34.0551299824184,2.94729287938375,3.02139667841362,3.11765657456755
"gaussian",0.507610062893082,34.0551299824184,2.82682331106485,2.897935573758,2.99968750143452
"truth",0.507610062893082,34.0551299824184,3.01103707968903,3.01103707968903,3.01103707968903
"flexible",0.513830188679245,34.45783560225,2.95583623920183,3.02982620534091,3.12636410154328
"gaussian",0.513830188679245,34.45783560225,2.83438033416374,2.90547691238411,3.00753538056276
"truth",0.513830188679245,34.45783560225,3.02009126389234,3.02009126389234,3.02009126389234
"flexible",0.520050314465409,34.8639724466324,2.96440896176131,3.0388501836357,3.13510059959702
"gaussian",0.520050314465409,34.8639724466324,2.84202223435833,2.91310259949351,3.01547098442368
"truth",0.520050314465409,34.8639724466324,3.02917759579528,3.02917759579528,3.02917759579528
"flexible",0.526270440251572,35.2736562278499,2.97301326345777,3.04832233650328,3.14386832038003
"gaussian",0.526270440251572,35.2736562278499,2.84975177557052,2.92081538263117,3.02349717015172
"truth",0.526270440251572,35.2736562278499,3.0382984330063,3.0382984330063,3.0382984330063
"flexible",0.532490566037736,35.6870063609185,2.98165139715737,3.05785223102807,3.15266955172156
"gaussian",0.532490566037736,35.6870063609185,2.85757182330341,2.9286181101351,3.03161689965404
"truth",0.532490566037736,35.6870063609185,3.04745617286237,3.04745617286237,3.04745617286237
"flexible",0.538710691823899,36.1041461947953,2.99032565629217,3.06638621833694,3.16150662177927
"gaussian",0.538710691823899,36.1041461947953,2.86548535077097,2.93651373722055,3.03983324593454
"truth",0.538710691823899,36.1041461947953,3.05665325679667,3.05665325679667,3.05665325679667
"flexible",0.544930817610063,36.5252032573823,2.9990383791079,3.07547755676374,3.17038190334132
"gaussian",0.544930817610063,36.5252032573823,2.87349544542748,2.94450533246046,3.04783051826645
"truth",0.544930817610063,36.5252032573823,3.06589217487162,3.06589217487162,3.06589217487162
"flexible",0.551150943396227,36.9503095155721,3.00779195308453,3.08424859036698,3.17938915674176
"gaussian",0.551150943396227,36.9503095155721,2.88160531593212,2.95259608469738,3.05574841987625
"truth",0.551150943396227,36.9503095155721,3.07517547049908,3.07517547049908,3.07517547049908
"flexible",0.55737106918239,37.3796016516968,3.01658881955176,3.09338046763794,3.18868279138692
"gaussian",0.55737106918239,37.3796016516968,2.88981829958752,2.96098022039594,3.06376517346324
"truth",0.55737106918239,37.3796016516968,3.08450574537123,3.08450574537123,3.08450574537123
"flexible",0.563591194968553,37.8132213578676,3.02543147852263,3.10263350999377,3.19802478345602
"gaussian",0.563591194968553,37.8132213578676,2.89813787029505,2.9696722083019,3.07188410544976
"truth",0.563591194968553,37.8132213578676,3.09388566462718,3.09388566462718,3.09388566462718
"flexible",0.569811320754717,38.2513156498348,3.03432249377084,3.11193781318912,3.20741784170256
"gaussian",0.569811320754717,38.2513156498348,2.90656764707366,2.9784798788007,3.08010868019917
"truth",0.569811320754717,38.2513156498348,3.10331796228249,3.10331796228249,3.10331796228249
"flexible",0.576031446540881,38.6940372021563,3.04326449817871,3.12129614223726,3.21686474787788
"gaussian",0.576031446540881,38.6940372021563,2.915111403194,2.98705873522412,3.08844250869076
"truth",0.576031446540881,38.6940372021563,3.11280544695068,3.11280544695068,3.11280544695068
"flexible",0.582251572327044,39.14154470664,3.05226019938575,3.13071134120527,3.22636836269906
"gaussian",0.582251572327044,39.14154470664,2.92377307598476,2.99587612093494,3.09688935783059
"truth",0.582251572327044,39.14154470664,3.12235100788876,3.12235100788876,3.12235100788876
"flexible",0.588471698113208,39.5940032562249,3.06131238576991,3.14018633951006,3.23596690513274
"gaussian",0.588471698113208,39.5940032562249,2.93251770131222,3.00481806420971,3.10545316045791
"truth",0.588471698113208,39.5940032562249,3.13195762140111,3.13195762140111,3.13195762140111
"flexible",0.594691823899371,40.0515847566925,3.07042393279697,3.14943152981464,3.24575086548901
"gaussian",0.594691823899371,40.0515847566925,2.9410053069757,3.0138889551759,3.11413802611284
"truth",0.594691823899371,40.0515847566925,3.14162835763992,3.14162835763992,3.14162835763992
"flexible",0.600911949685535,40.5144683688495,3.07959780977659,3.15930238075874,3.25560231766306
"gaussian",0.600911949685535,40.5144683688495,2.95004580837541,3.02309338663835,3.12294825263882
"truth",0.600911949685535,40.5144683688495,3.15136638784344,3.15136638784344,3.15136638784344
"flexible",0.607132075471698,40.982840984109,3.08883708706782,3.16924578354446,3.26552457001585
"gaussian",0.607132075471698,40.982840984109,2.96032510930208,3.03243616758419,3.13198350701839
"truth",0.607132075471698,40.982840984109,3.16117499205795,3.16117499205795,3.16117499205795
"flexible",0.613352201257862,41.4568977367191,3.09814494378076,3.17926520306251,3.27552104852707
"gaussian",0.613352201257862,41.4568977367191,2.96972564853874,3.04192233777775,3.14146565238913
"truth",0.613352201257862,41.4568977367191,3.17105756739374,3.17105756739374,3.17105756739374
"flexible",0.619572327044025,41.9368425562488,3.10752467602654,3.18936423340462,3.28559530570162
"gaussian",0.619572327044025,41.9368425562488,2.97825960731642,3.05155718355481,3.15109491148843
"truth",0.619572327044025,41.9368425562488,3.18101763687093,3.18101763687093,3.18101763687093
"flexible",0.625792452830189,42.422888764355,3.11697970577303,3.19893664286914,3.29586072507488
"gaussian",0.625792452830189,42.422888764355,2.9869271728984,3.06134625493841,3.16087676345205
"truth",0.625792452830189,42.422888764355,3.19105885891699,3.19105885891699,3.19105885891699
"flexible",0.632012578616352,42.9152597203184,3.12651359037025,3.20767785337057,3.30722558432223
"gaussian",0.632012578616352,42.9152597203184,2.99573337363677,3.07159453002195,3.17081696506491
"truth",0.632012578616352,42.9152597203184,3.20118503758464,3.20118503758464,3.20118503758464
"flexible",0.638232704402516,43.4141895203672,3.13613003281698,3.21649207664106,3.31869332859076
"gaussian",0.638232704402516,43.4141895203672,3.00468349667895,3.08311058542508,3.18092157058443
"truth",0.638232704402516,43.4141895203672,3.21140013356681,3.21140013356681,3.21140013356681
"flexible",0.644452830188679,43.9199237564116,3.14583289284794,3.2253827886751,3.33026866883817
"gaussian",0.644452830188679,43.9199237564116,3.01353564553104,3.09454881529029,3.1911969533123
"truth",0.644452830188679,43.9199237564116,3.22170827609428,3.22170827609428,3.22170827609428
"flexible",0.650672955974843,44.4327203405001,3.15562619893088,3.23435361545774,3.34217625446877
"gaussian",0.650672955974843,44.4327203405001,3.02299550432316,3.10506096225251,3.20164982910486
"truth",0.650672955974843,44.4327203405001,3.23211377581167,3.23211377581167,3.23211377581167
"flexible",0.656893081761006,44.9528504020976,3.16551416127357,3.24340834457825,3.35428726015291
"gaussian",0.656893081761006,44.9528504020976,3.03265611212717,3.11576106695289,3.21228728203587
"truth",0.656893081761006,44.9528504020976,3.24262113873961,3.24262113873961,3.24262113873961
"flexible",0.66311320754717,45.4805992661867,3.17550118595325,3.25255093784137,3.36652538652141
"gaussian",0.66311320754717,45.4805992661867,3.04248979021358,3.12665677487629,3.22311679245401
"truth",0.66311320754717,45.4805992661867,3.25323508144376,3.25323508144376,3.25323508144376
"flexible",0.669333333333333,46.0162675212326,3.18558885113985,3.26213915600679,3.37889645461235
"gaussian",0.669333333333333,46.0162675212326,3.0525036493516,3.13826995957779,3.23414626770916
"truth",0.669333333333333,46.0162675212326,3.26396054754744,3.26396054754744,3.26396054754744
"flexible",0.675553459119497,46.5601721872471,3.19552557240387,3.2719106336379,3.3914065770727
"gaussian",0.675553459119497,46.5601721872471,3.06270521358043,3.15131584793548,3.2453840758587
"truth",0.675553459119497,46.5601721872471,3.27480272574191,3.27480272574191,3.27480272574191
"flexible",0.68177358490566,47.1126479955644,3.20557214337795,3.28178913490735,3.40406218153587
"gaussian",0.68177358490566,47.1126479955644,3.07310245338928,3.16330392839194,3.25683908270816
"truth",0.68177358490566,47.1126479955644,3.28576706946913,3.28576706946913,3.28576706946913
"flexible",0.687993710691824,47.6740487935412,3.21573375825192,3.29177973648422,3.41687003622936
"gaussian",0.687993710691824,47.6740487935412,3.08370382224152,3.17518772905297,3.26852069259002
"truth",0.687993710691824,47.6740487935412,3.29685931847566,3.29685931847566,3.29685931847566
"flexible",0.694213836477988,48.2447490892452,3.2260158902284,3.3027774240891,3.42983727808222
"gaussian",0.694213836477988,48.2447490892452,3.09451829685577,3.18608424120921,3.28043889334304
"truth",0.694213836477988,48.2447490892452,3.30808552246363,3.30808552246363,3.30808552246363
"flexible",0.700433962264151,48.8251457533543,3.23642431494545,3.31477095886388,3.44297144364022
"gaussian",0.700433962264151,48.8251457533543,3.10555542171738,3.19716816402984,3.29260430602147
"truth",0.700433962264151,48.8251457533543,3.31945206709737,3.31945206709737,3.31945206709737
"flexible",0.706654088050314,49.4156598980085,3.24696513628297,3.326922390914,3.4562805031418
"gaussian",0.706654088050314,49.4156598980085,3.11682535836422,3.20852031543376,3.30502823994348
"truth",0.706654088050314,49.4156598980085,3.33096570266099,3.33096570266099,3.33096570266099
"flexible",0.712874213836478,50.0167389553037,3.257644814858,3.33923936180086,3.46977289815961
"gaussian",0.712874213836478,50.0167389553037,3.12833894007408,3.2212310192415,3.3177227537806
"truth",0.712874213836478,50.0167389553037,3.34263357570694,3.34263357570694,3.34263357570694
"flexible",0.719094339622642,50.6288589815856,3.26815815562625,3.35050374398646,3.48345758327473
"gaussian",0.719094339622642,50.6288589815856,3.14010773267855,3.23337127046883,3.33070072350016
"truth",0.719094339622642,50.6288589815856,3.3544632640862,3.3544632640862,3.3544632640862
"flexible",0.725314465408805,51.252527217782,3.27906661238653,3.36165780478858,3.49734407232246
"gaussian",0.725314465408805,51.252527217782,3.15214410234431,3.24578761727658,3.34397591810192
"truth",0.725314465408805,51.252527217782,3.36646281581213,3.36646281581213,3.36646281581213
"flexible",0.731534591194969,51.8882849408456,3.29065235119076,3.37330110483129,3.51144248983478
"gaussian",0.731534591194969,51.8882849408456,3.16446129129948,3.25849372464401,3.35756308424429
"truth",0.731534591194969,51.8882849408456,3.37864079228124,3.37864079228124,3.37864079228124
"flexible",0.737754716981132,52.5367106471122,3.30241574231325,3.38512226942762,3.52576362840596
"gaussian",0.737754716981132,52.5367106471122,3.17707350264679,3.27150424917702,3.37147804103839
"truth",0.737754716981132,52.5367106471122,3.3910063164594,3.3910063164594,3.3910063164594
"flexible",0.743974842767296,53.1984236152126,3.31436601563315,3.39713054637011,3.54031901282916
"gaussian",0.743974842767296,53.1984236152126,3.1898678950448,3.28478188638139,3.38573778650742
"truth",0.743974842767296,53.1984236152126,3.40356912674334,3.40356912674334,3.40356912674334
"flexible",0.750194968553459,53.8740879043488,3.32641873645795,3.40933582411204,3.55512097199628
"gaussian",0.750194968553459,53.8740879043488,3.20283421644495,3.29835312502423,3.4003606174714
"truth",0.750194968553459,53.8740879043488,3.41633963732825,3.41633963732825,3.41633963732825
"flexible",0.756415094339623,54.5644168535636,3.33860925638443,3.4217486960687,3.57018271972782
"gaussian",0.756415094339623,54.5644168535636,3.21613641059388,3.31227682835518,3.41536626493422
"truth",0.756415094339623,54.5644168535636,3.42932900605777,3.42932900605777,3.42932900605777
"flexible",0.762635220125786,55.2701781594787,3.35101455197186,3.43438053309606,3.5855184459083
"gaussian",0.762635220125786,55.2701781594787,3.2297931075254,3.32657256559926,3.43077604743319
"truth",0.762635220125786,55.2701781594787,3.44254921090788,3.44254921090788,3.44254921090788
"flexible",0.76885534591195,55.9921996243264,3.36364661978669,3.44747473085671,3.60114341955762
"gaussian",0.76885534591195,55.9921996243264,3.24382447184114,3.34126151919208,3.44661304527773
"truth",0.76885534591195,55.9921996243264,3.45601313646833,3.45601313646833,3.45601313646833
"flexible",0.775075471698113,56.7313756835846,3.37651839030001,3.46096249431038,3.61707410577695
"gaussian",0.775075471698113,56.7313756835846,3.25825237531524,3.35636666633267,3.46449792389182
"truth",0.775075471698113,56.7313756835846,3.4697346720438,3.4697346720438,3.4697346720438
"flexible",0.781295597484277,57.4886748439084,3.38964383161875,3.47403841350774,3.63332829888642
"gaussian",0.781295597484277,57.4886748439084,3.27310059428833,3.37191298662306,3.48456078989127
"truth",0.781295597484277,57.4886748439084,3.48372882331226,3.48372882331226,3.48372882331226
"flexible",0.78751572327044,58.2651481883734,3.40295890751298,3.48738060787214,3.64992527453606
"gaussian",0.78751572327044,58.2651481883734,3.28839503623312,3.38872448447977,3.50525246724023
"truth",0.78751572327044,58.2651481883734,3.49801183986683,3.49801183986683,3.49801183986683
"flexible",0.793735849056604,59.0619391385962,3.41643564184829,3.50100534195906,3.66688596414645
"gaussian",0.793735849056604,59.0619391385962,3.30416400080199,3.40535847622454,3.52661352271885
"truth",0.793735849056604,59.0619391385962,3.51260136144687,3.51260136144687,3.51260136144687
"flexible",0.799955974842767,59.8802947038101,3.43021005636084,3.51502408896908,3.68423315575003
"gaussian",0.799955974842767,59.8802947038101,3.32043848182643,3.42302022622049,3.54868843621899
"truth",0.799955974842767,59.8802947038101,3.52751658626104,3.52751658626104,3.52751658626104
"flexible",0.806176100628931,60.721578497699,3.44430129728679,3.52979087405158,3.70199172619821
"gaussian",0.806176100628931,60.721578497699,3.33725251819572,3.44177419996792,3.57152611534173
"truth",0.806176100628931,60.721578497699,3.5427784655513,3.5427784655513,3.5427784655513
"flexible",0.812396226415094,61.5872858677184,3.45840995384769,3.544913263788,3.72018891082591
"gaussian",0.812396226415094,61.5872858677184,3.35464360338637,3.46118021225812,3.59518049670217
"truth",0.812396226415094,61.5872858677184,3.55840992948743,3.55840992948743,3.55840992948743
"flexible",0.818616352201258,62.47906156277,3.47265155436416,3.56041547353455,3.73865507351243
"gaussian",0.818616352201258,62.47906156277,3.37265316576397,3.48128533297082,3.61971125198318
"truth",0.818616352201258,62.47906156277,3.57443615067317,3.57443615067317,3.57443615067317
"flexible",0.824836477987421,63.3987204688299,3.48695676036443,3.57632417061337,3.75677672837106
"gaussian",0.824836477987421,63.3987204688299,3.3913271347964,3.50276373920924,3.64518462129767
"truth",0.824836477987421,63.3987204688299,3.59088485306844,3.59088485306844,3.59088485306844
"flexible",0.831056603773585,64.3482720758053,3.50149732900295,3.59245094920042,3.77540187458868
"gaussian",0.831056603773585,64.3482720758053,3.41050713587934,3.52427466273314,3.67167440227312
"truth",0.831056603773585,64.3482720758053,3.60778667609249,3.60778667609249,3.60778667609249
"flexible",0.837276729559749,65.3299495126019,3.51644900011763,3.60805830127745,3.7945683063819
"gaussian",0.837276729559749,65.3299495126019,3.43028802104282,3.54665318594572,3.69924863080979
"truth",0.837276729559749,65.3299495126019,3.62517560621864,3.62517560621864,3.62517560621864
"flexible",0.843496855345912,66.3462442151501,3.53184365895268,3.62412926460485,3.81431811888398
"gaussian",0.843496855345912,66.3462442151501,3.45088736643971,3.57072137889724,3.72476009873242
"truth",0.843496855345912,66.3462442151501,3.64308949170537,3.64308949170537,3.64308949170537
"flexible",0.849716981132075,67.3999475936485,3.54771695214882,3.64070115233988,3.83469839695776
"gaussian",0.849716981132075,67.3999475936485,3.47237562186511,3.59535609029306,3.75139650219655
"truth",0.849716981132075,67.3999475936485,3.66157066051938,3.66157066051938,3.66157066051938
"flexible",0.855937106918239,68.4942014685806,3.56410891374179,3.65781587207463,3.85576204807456
"gaussian",0.855937106918239,68.4942014685806,3.49483251550096,3.62024487589541,3.77925972150216
"truth",0.855937106918239,68.4942014685806,3.68066666739853,3.68066666739853,3.68066666739853
"flexible",0.862157232704403,69.6325595904959,3.58092615734995,3.67608071720289,3.87756881711265
"gaussian",0.862157232704403,69.6325595904959,3.51834874280493,3.64554363726096,3.80846574978993
"truth",0.862157232704403,69.6325595904959,3.70043120396518,3.70043120396518,3.70043120396518
"flexible",0.868377358490566,70.8190633051435,3.59817236661539,3.69514646225831,3.90018653308908
"gaussian",0.868377358490566,70.8190633051435,3.54302805541163,3.67210066749765,3.83914739544712
"truth",0.868377358490566,70.8190633051435,3.72092521668769,3.72092521668769,3.72092521668769
"flexible",0.87459748427673,72.0583354608432,3.61594105902472,3.71494811651963,3.92369265468514
"gaussian",0.87459748427673,72.0583354608432,3.5689898688646,3.70004548670867,3.87145765867522
"truth",0.87459748427673,72.0583354608432,3.74221829256866,3.74221829256866,3.74221829256866
"flexible",0.880817610062893,73.3556981110481,3.63442872981866,3.73555919004838,3.94817620509623
"gaussian",0.880817610062893,73.3556981110481,3.59637255117472,3.7295282088989,3.90557399350564
"truth",0.880817610062893,73.3556981110481,3.76439039362647,3.76439039362647,3.76439039362647
"flexible",0.887037735849057,74.7173216447181,3.65371078298169,3.75706472707137,3.97374022051236
"gaussian",0.887037735849057,74.7173216447181,3.62477153476799,3.7607241050044,3.94170374773589
"truth",0.887037735849057,74.7173216447181,3.78753405146336,3.78753405146336,3.78753405146336
"flexible",0.89325786163522,76.1504159980973,3.67311516732057,3.77956388104768,4.00050488554761
"gaussian",0.89325786163522,76.1504159980973,3.65474592220521,3.79383949455209,3.98009119204979
"truth",0.89325786163522,76.1504159980973,3.81175717707097,3.81175717707097,3.81175717707097
"flexible",0.899477987421384,77.6634790722015,3.69345652813143,3.80290881860484,4.02861160139418
"gaussian",0.899477987421384,77.6634790722015,3.68666206476834,3.82987850189791,4.02131286403332
"truth",0.899477987421384,77.6634790722015,3.83718670584967,3.83718670584967,3.83718670584967
"flexible",0.905698113207547,79.2666242341426,3.71485855790203,3.8272826502885,4.05822834181707
"gaussian",0.905698113207547,79.2666242341426,3.72078264114409,3.86850049089014,4.066707879234
"truth",0.905698113207547,79.2666242341426,3.86397339562584,3.86397339562584,3.86397339562584
"flexible",0.911918238993711,80.972019219694,3.73746194900761,3.85327561619568,4.0895568209201
"gaussian",0.911918238993711,80.972019219694,3.75742629530865,3.90901459874496,4.11930740481084
"truth",0.911918238993711,80.972019219694,3.89229824643364,3.89229824643364,3.89229824643364
"flexible",0.918138364779874,82.794485309684,3.76143756610217,3.88086770746106,4.12284226401634
"gaussian",0.918138364779874,82.794485309684,3.79698457307038,3.95278001261676,4.17633000546893
"truth",0.918138364779874,82.794485309684,3.92238124993846,3.92238124993846,3.92238124993846
"flexible",0.924358490566038,84.7523326778627,3.78699583764195,3.91030497690797,4.15838700891388
"gaussian",0.924358490566038,84.7523326778627,3.8399457424057,4.00071749621665,4.23910905288271
"truth",0.924358490566038,84.7523326778627,3.95449356615299,3.95449356615299,3.95449356615299
"flexible",0.930578616352201,86.8685534005477,3.8144001330161,3.94180272020842,4.19656989950501
"gaussian",0.930578616352201,86.8685534005477,3.88692913447767,4.05599559816022,4.30826945961097
"truth",0.930578616352201,86.8685534005477,3.98897488168576,3.98897488168576,3.98897488168576
"flexible",0.936798742138365,89.1725734985249,3.84398635296562,3.97540275570558,4.23787471882543
"gaussian",0.936798742138365,89.1725734985249,3.93873609150811,4.1173436394821,4.38566320561634
"truth",0.936798742138365,89.1725734985249,4.0262588523253,4.0262588523253,4.0262588523253
"flexible",0.943018867924528,91.7029116145117,3.87619256860238,4.01200750549847,4.28293325831761
"gaussian",0.943018867924528,91.7029116145117,3.99642813695042,4.18605032928629,4.47226224205022
"truth",0.943018867924528,91.7029116145117,4.06691163189626,4.06691163189626,4.06691163189626
"flexible",0.949238993710692,94.5113738213916,3.91160563511324,4.05229201012621,4.33259314248448
"gaussian",0.949238993710692,94.5113738213916,4.06145181108559,4.26216482297955,4.57038394242367
"truth",0.949238993710692,94.5113738213916,4.11169252867079,4.11169252867079,4.11169252867079
"flexible",0.955459119496855,97.6699920835056,3.95058778095549,4.09719139738776,4.38802978670677
"gaussian",0.955459119496855,97.6699920835056,4.13554154130452,4.34895040658536,4.68331431748153
"truth",0.955459119496855,97.6699920835056,4.16165409777938,4.16165409777938,4.16165409777938
"flexible",0.961679245283019,101.283191957102,3.99536170029532,4.14926189632455,4.45094230230149
"gaussian",0.961679245283019,101.283191957102,4.22057122064961,4.45153704636916,4.81592378124199
"truth",0.961679245283019,101.283191957102,4.21831722017388,4.21831722017388,4.21831722017388
"flexible",0.967899371069182,105.510780807018,4.04903468044692,4.20976330514606,4.52470744356325
"gaussian",0.967899371069182,105.510780807018,4.32228212264744,4.57809396680781,4.9758575790739
"truth",0.967899371069182,105.510780807018,4.28400094830367,4.28400094830367,4.28400094830367
"flexible",0.974119496855346,110.615877558969,4.11304462801921,4.28454124629194,4.61340811520139
"gaussian",0.974119496855346,110.615877558969,4.44837842487926,4.73572688601207,5.1760852786546
"truth",0.974119496855346,110.615877558969,4.36250807444346,4.36250807444346,4.36250807444346
"flexible",0.98033962264151,117.079587721921,4.19294016511467,4.37902710261775,4.72456768358001
"gaussian",0.98033962264151,117.079587721921,4.61332537832527,4.93659023580426,5.44120136454183
"truth",0.98033962264151,117.079587721921,4.46075953767275,4.46075953767275,4.46075953767275
"flexible",0.986559748427673,125.939177958263,4.30059108316339,4.50586518430993,4.87511454569392
"gaussian",0.986559748427673,125.939177958263,4.84719611748094,5.22361237415099,5.82956688194129
"truth",0.986559748427673,125.939177958263,4.59359373493624,4.59359373493624,4.59359373493624
"flexible",0.992779874213837,140.23596250523,4.47019633041084,4.70221767095989,5.12639875071279
"gaussian",0.992779874213837,140.23596250523,5.24630504241118,5.71768577275281,6.51701983715389
"truth",0.992779874213837,140.23596250523,4.80420025064174,4.80420025064174,4.80420025064174
"flexible",0.999,184.668269529032,4.96214667468384,5.28716087917535,5.90985427337813
"gaussian",0.999,184.668269529032,6.76978837143246,7.57477773174932,9.21529201100955
"truth",0.999,184.668269529032,5.43838427024312,5.43838427024312,5.43838427024312
