"replicate","log_rmse.gaussian","log_rmse.flexible","reduction_percent","difference"
1,0.126372223374996,0.144745578263301,-14.5390770199437,-0.0183733548883059
2,0.398308384549194,0.0188059586922866,95.2785431033366,0.379502425856907
3,0.488627933977398,0.0316076740993768,93.5313411490636,0.457020259878021
4,0.369618675922944,0.0228620851408485,93.8146834480802,0.346756590782096
5,0.321466081299544,0.0359626909934098,88.8129127502259,0.285503390306134
6,0.210605199414258,0.125964499126168,40.189273827757,0.0846407002880897
7,0.568532745445739,0.0789337601737516,86.1162332678189,0.489598985271987
8,0.552544115267075,0.150430204230616,72.7749875396095,0.402113911036459
9,0.538068513199885,0.133805118387391,75.1323269983494,0.404263394812494
10,0.284000983964104,0.117754753474846,58.5372022902113,0.166246230489258
11,0.193465899186698,0.111372941981762,42.4327788773334,0.0820929572049364
12,0.110752278293229,0.122577922968747,-10.6775633492688,-0.011825644675518
13,0.511920545996806,0.0764659026379686,85.0629354035644,0.435454643358837
14,0.647815836857466,0.202172362498134,68.7916918674194,0.445643474359333
15,0.203799610104325,0.0600186549412488,70.5501620388158,0.143780955163076
16,0.21283447298705,0.0678827215596972,68.1053916656502,0.144951751427353
17,0.427278573251528,0.0446780484466717,89.5435785355024,0.382600524804856
18,0.486073681956536,0.0559074853501541,88.4981459754998,0.430166196606382
19,0.671246293599958,0.160503244420625,76.0887701055554,0.510743049179333
20,0.549673616105374,0.151617952250488,72.4167309821503,0.398055663854886
21,0.323485987737163,0.0630950771830556,80.4952673145394,0.260390910554107
22,0.248415063129,0.0929410927415131,62.5863699363314,0.155473970387487
23,0.2292152305761,0.0711456696543005,68.9611944740819,0.158069560921799
24,0.411895046150238,0.088781823492679,78.4455228771321,0.323113222657559
25,0.147159734289937,0.122170461477842,16.9810532294527,0.0249892728120954
26,0.630570648451673,0.245784274977162,61.0219290129234,0.384786373474511
27,0.736656540098194,0.232413321657879,68.4502466201008,0.504243218440315
28,0.249740468188554,0.108693692094185,56.4773411043175,0.141046776094369
29,0.326915264253056,0.0464291767646097,85.7977947677995,0.280486087488446
30,0.385336603623993,0.020053878328521,94.7957504841431,0.365282725295472
31,0.509207281111876,0.0504515782828388,90.0921333699951,0.458755702829037
32,0.371651462789506,0.0798867874379357,78.5049177962791,0.291764675351571
33,0.386115854560685,0.0523705670997646,86.4365665172307,0.33374528746092
34,0.256291209160903,0.0757207041098294,70.4552082150071,0.180570505051073
35,0.27837843703286,0.074381039331516,73.2806031514804,0.203997397701344
36,0.232174364253883,0.166997663808959,28.0723070586954,0.0651767004449241
37,0.244472966677983,0.142255594745192,41.8113189862134,0.102217371932791
38,0.260302021598725,0.0735290461000633,71.752410661868,0.186772975498661
39,0.284857697008056,0.0857105803157354,69.9110885133248,0.199147116692321
40,0.114345617380899,0.186585010091534,-63.1763546039517,-0.0722393927106348
41,0.0951370274476194,0.21056214877277,-121.325129049992,-0.115425121325151
42,0.0754031897042657,0.151967622625227,-101.540045217251,-0.0765644329209611
43,0.355327976689164,0.0576451501075865,83.7769176959534,0.297682826581577
44,0.282234074182103,0.112573918445025,60.113278748763,0.169660155737078
45,0.549491095821558,0.0856038245504017,84.4212535559993,0.463887271271157
46,0.494700070511328,0.0576622232275497,88.344003434657,0.437037847283778
47,0.193970642330773,0.123670393465186,36.2427262295218,0.070300248865587
48,0.505667853761594,0.0805795997504433,84.0647177488103,0.42508825401115
49,0.158579081613435,0.126700401299307,20.1027020649785,0.0318786803141281
50,0.317629930798316,0.0479005502626949,84.9193839691669,0.269729380535621
51,0.605791471763133,0.174584074714783,71.1808298973468,0.43120739704835
52,0.329729080010476,0.0840871624196234,74.4981054091584,0.245641917590852
53,0.414277151480808,0.0458710262215023,88.9274544691786,0.368406125259305
54,0.0341463432780243,0.288385306580414,-744.55692438965,-0.25423896330239
55,0.441860210745573,0.0554812783862919,87.4437034525749,0.386378932359281
56,0.273163133308811,0.123891334604102,54.6456605972363,0.149271798704709
57,0.335325251407193,0.104327496566351,68.8876706634705,0.230997754840842
58,0.425710395827737,0.0327753731227319,92.3010165023091,0.392935022705005
59,0.402499020244101,0.0610751649370096,84.8260090422159,0.341423855307092
60,0.300873789355771,0.0589603344690457,80.4036321690596,0.241913454886725
61,0.46214511752324,0.0306480086186989,93.3683149606882,0.431497108904541
62,0.0467103993843287,0.246745812998839,-428.245992864755,-0.200035413614511
63,0.337441543732591,0.0625158516435663,81.4735758519681,0.274925692089025
64,0.477381782702275,0.173056667617012,63.7487910331634,0.304325115085264
65,0.444968191362512,0.0599637847704734,86.5240289228626,0.385004406592038
66,0.448185667020978,0.0487756437298486,89.1170897869062,0.399410023291129
67,0.303579882283977,0.0802043880083848,73.5804667275813,0.223375494275592
68,0.518411871256027,0.183712348325812,64.5624727148499,0.334699522930215
69,0.22281817523039,0.110792268787584,50.2768260834078,0.112025906442806
70,0.204731762029597,0.111334794527842,45.6191880418891,0.0933969675017546
71,0.382205823665999,0.0279173588860167,92.6957264496281,0.354288464779982
72,0.228726642448012,0.0788450192607535,65.5287121706101,0.149881623187258
73,0.226982452992513,0.107345298128569,52.7076667322342,0.119637154863944
74,0.15035924596179,0.131234802094496,12.7191671818799,0.0191244438672942
75,0.479656175058915,0.0426777650140262,91.1024256054279,0.436978410044889
76,0.350645803607357,0.0164273276697312,95.3151221258801,0.334218475937626
77,0.401878442339287,0.0764197306268165,80.9843667697162,0.325458711712471
78,0.0369621366419469,0.138236823627621,-273.995759408402,-0.101274686985674
79,0.259756828665691,0.100545988623685,61.2922635604361,0.159210840042006
80,0.209683502908577,0.139707110287354,33.3723882187016,0.0699763926212226
81,0.196233302108178,0.197554107402181,-0.673079074659344,-0.00132080529400322
82,0.0453250964734707,0.18947690950958,-318.039726888354,-0.144151813036109
83,0.319725242133403,0.0450564400894238,85.9077626186849,0.27466880204398
84,0.993542058121283,0.254488787209857,74.3857056548691,0.739053270911426
85,0.244668658477427,0.0640566919998724,73.819003873035,0.180611966477554
86,0.0234640122710126,0.152612840142702,-550.412377815024,-0.12914882787169
87,0.78136991791298,0.147170177231623,81.1651083746978,0.634199740681358
88,0.357336631901339,0.063814959595753,82.1415007870303,0.293521672305586
89,0.0942965641304734,0.174190801253452,-84.7265622662907,-0.0798942371229783
90,0.840063344811979,0.285151552334696,66.0559463645545,0.554911792477283
91,0.257253642768034,0.0902897990445082,64.9024215661262,0.166963843723526
92,0.324310854135711,0.0439524699844186,86.4474255412906,0.280358384151293
93,0.311667107209412,0.0955861828882857,69.3306798577045,0.216080924321126
94,0.597935872056093,0.113843937914193,80.9605104435826,0.4840919341419
95,0.437269930201601,0.0516058688642602,88.1981665557319,0.385664061337341
96,0.471070337175838,0.130682355521557,72.2584197712334,0.340387981654281
97,0.243420389237081,0.0853642153902097,64.931361888889,0.158056173846871
98,0.378391302682154,0.0292901276471142,92.2593020929665,0.34910117503504
99,0.520985718159464,0.04325655601954,91.6971704766963,0.477729162139924
100,0.365448732901478,0.0573035868842116,84.319664640988,0.308145146017266
